category,source_url,article_url,title,date,writer,content
Business,https://www.fanabc.com/english/category/business/,https://www.fanamc.com/english/midroc-ethiopia-ifc-sign-80-million-deal-to-expand-hospitality-sector-create-over-9400-jobs-in-ethiopia/,"MIDROC Ethiopia, IFC Sign $80 Million Deal to Expand Hospitality Sector, Create Over 9,400 Jobs in Ethiopia","Jun 10, 2026","Mesafint Brlie Jun 10, 2026","Addis Ababa, June 10, 2026 (FMC) — MIDROC Ethiopia PLC, one of Ethiopia’s largest private sector conglomerates, has signed an US$80 million financing agreement with the International Finance Corporation (IFC), a member of the World Bank Group, to expand and modernize Ethiopia’s hospitality sector and strengthen job creation in the tourism economy. The financing will support the refurbishment of the Sheraton Addis (Luxury Collection) and the development of a new Sheraton hotel in Addis Ababa under MIDROC Ethiopia’s hospitality arm, MIDROC Investment Group. The project is expected to generate more than 9,400 direct and indirect jobs, with emphasis on expanding formal employment opportunities for young people and women in Ethiopia’s growing hospitality and services sector. The partnership is aligned with Ethiopia’s broader economic priorities of strengthening tourism as a key pillar of growth, increasing foreign exchange earnings, and expanding domestic employment opportunities. Speaking on the agreement, International Finance Corporation Regional Vice President for Africa, Ethiopis Tafara, said tourism remains a strong engine for job creation and economic opportunity, noting that the partnership supports both infrastructure expansion and inclusive employment in countries such as Ethiopia. MIDROC Investment Group Chief Executive Officer, Jemal Ahmed Abdu , said the agreement represents a major step in modernizing Ethiopia’s hospitality sector, while reinforcing the group’s contribution to national development through job creation and service expansion. The project is also expected to support the development of green-certified hotel facilities in Addis Ababa, contributing to emerging efforts in Ethiopia to promote sustainable construction and environmentally responsible tourism infrastructure. IFC said the investment is part of its broader engagement with MIDROC across key sectors of Ethiopia’s economy, including agribusiness, manufacturing, and healthcare, aimed at supporting private sector-led growth, diversification, and long-term employment generation. MIDROC Ethiopia is a major Ethiopian private sector conglomerate operating across multiple industries, including hospitality, agribusiness, manufacturing, mining, construction, and commerce, and employing tens of thousands of people across the country."
Business,https://www.fanabc.com/english/category/business/,https://www.fanamc.com/english/made-in-ethiopia-movement-key-to-advancing-economic-sovereignty-senior-officials-say/,"“Made in Ethiopia” Movement Key to Advancing Economic Sovereignty, Senior Officials Say","Jun 7, 2026","Mesafint Brlie Jun 7, 2026","Addis Ababa, June 7, 2026 (FMC) — Senior officials have emphasized that the “Made in Ethiopia” movement represents a crucial phase in the country’s broader efforts to strengthen economic sovereignty through domestic production and value addition. The closing ceremony of the regional “Made in Ethiopia” initiative was held on Sunday in Kombolcha city, Amhara Regional State. Speaking at the event, Mr. Arega Kebede, Chief Administrator of the Amhara Regional State, said the movement is an integral part of ongoing national efforts aimed at ensuring economic self-reliance by expanding the use of local resources in manufacturing. He noted that the initiative is grounded in the principle of producing goods domestically by leveraging Ethiopia’s own resources and human capital, describing it as a key pillar in the broader drive toward safeguarding national economic sovereignty. According to Mr. Arega, the movement is already contributing to a shift in the country’s economic structure—from one largely dependent on consumption and imports to a more production-oriented system driven by local capacity. He further stated that while progress in high-end industrial development has been encouraging, greater attention should also be given to the expansion of medium-scale industries to promote inclusive growth and wider economic participation. For his part, Ethiopia’s Minister of Industry, Mr. Melaku Alebel, highlighted that products being manufactured in the region are increasingly substituting imported goods, with some also entering international markets. He stressed that efforts to strengthen domestic production across all sectors will continue to be scaled up by fully utilizing the region’s diverse industrial potential. Participants at the forum also noted that despite significant progress in the region’s industrial development in recent years, challenges remain, particularly in areas related to power supply, infrastructure, and access to finance."
Business,https://www.fanabc.com/english/category/business/,https://www.fanamc.com/english/ethiopian-airlines-and-cbe-launch-co-branded-visa-prepaid-card-to-strengthen-global-payment-services/,Ethiopian Airlines and CBE Launch Co-Branded Visa…,,,"Addis Ababa, June 5, 2026 (FMC) — Ethiopian Airlines Group and the Commercial Bank of Ethiopia (CBE), in partnership with Visa, have launched a co-branded Visa prepaid card aimed at strengthening global payment services for customers.  The initiative is designed to enable Ethiopian Airlines customers to make secure and convenient transactions across international destinations, further expanding the airline’s digital service ecosystem beyond air transport services. Passengers who are members of the ShebaMiles loyalty program are expected to particularly benefit from the new card, which facilitates fast, secure, and simplified payment experiences worldwide.  The card features a secure payment system and carries the branding of Ethiopian Airlines, CBE, and Visa, reflecting the joint collaboration behind the initiative. It is also designed to offer customers a range of rewards and benefits linked to usage. The card is made available to Ethiopian Airlines customers as part of efforts to strengthen service integration and customer engagement. The system enables users to convert everyday spending into travel-related benefits, allowing them to accumulate rewards through both in-person point-of-sale transactions and online e-commerce purchases."
Business,https://www.fanabc.com/english/category/business/,https://www.fanamc.com/english/investment-reform-and-market-access-ethiopia-and-united-states-map-next-phase-of-economic-engagement/,"Investment, Reform, and Market Access: Ethiopia and…",,,"Addis Ababa, June 4, 2026 (FMC) — The Ethiopian Investment Commission and the United States Embassy in Ethiopia have held discussions focused on deepening investment cooperation, strengthening market access, and expanding the role of American investors in Ethiopia’s evolving economic landscape. Commissioner of the Ethiopian Investment Commission, Zeleke Temesgen, held talks with United States Ambassador to Ethiopia, Ervin Jose Massinga, on ways to enhance U.S. investor participation across priority sectors of Ethiopia’s economy.  During the discussions, Zeleke provided an overview of Ethiopia’s investment opportunities and outlined ongoing policy and institutional reforms aimed at improving the predictability and investor-friendliness of the country’s business environment. He also highlighted measures being implemented to address investor challenges and further improve operational conditions for foreign and domestic investors.  He emphasized the importance of strengthening investment relations between Ethiopia and the United States, noting the Commission’s readiness to work closely with stakeholders and the Embassy to reinforce Public-Private Dialogue (PPD) platforms, support Ethiopia’s accession process to the World Trade Organization (WTO), and jointly organize a U.S.–Ethiopia Trade Forum.  Ambassador Ervin Jose Massinga commended Ethiopia’s ongoing reforms aimed at liberalizing key sectors and improving the investment climate. He stated that accelerating and deepening these reforms would further enhance confidence and create a more predictable environment for U.S. companies operating in or considering investment in Ethiopia. He noted that American investors have shown strong interest in Ethiopia across multiple sectors, including the international airport project, mining, healthcare, infrastructure, finance, and technology. He reaffirmed the Embassy’s commitment to working closely with the Ethiopian Investment Commission to advance these investment opportunities. The discussions also reviewed progress under the Ethiopia–U.S. Structural Dialogue and explored additional areas of cooperation, including information exchange, issues affecting U.S. investors, and foreign investor participation in Ethiopia’s banking sector, as well as broader conditions for U.S. companies operating in the country. Both sides noted that the engagement contributes to strengthening the momentum of the Ethiopia–U.S. Structural Dialogue and supports Ethiopia’s ongoing efforts toward WTO accession, with the broader objective of deepening economic cooperation and enhancing integration into the global trading system."
Business,https://www.fanabc.com/english/category/business/,https://www.fanamc.com/english/norwegian-investors-eye-ethiopias-e-mobility-and-green-investment-opportunities/,Norwegian Investors Eye Ethiopia’s E-Mobility and Green Investment Opportunities,"Jun 3, 2026","Mesafint Brlie Jun 3, 2026 0","Addis Ababa, June 2, 2026 (FMC) — The Ethiopian Investment Commission (EIC) and a Norwegian delegation have held discussions in Addis Ababa on expanding cooperation in green investment sectors, with particular focus on renewable energy and electric mobility. Commissioner of the Ethiopian Investment Commission, Zeleke Temesgen, met with a delegation led by the Norwegian Ambassador to Ethiopia, Stine Christensen. The discussions centered on strengthening investment cooperation between Ethiopia and Norway in areas including e-mobility, renewable energy, and sustainable economic development. The Commission stated that Ethiopia is undertaking policy and institutional reforms aimed at improving the investment climate, including opening additional sectors to private investment and enhancing regulatory frameworks to support business operations. These measures, it noted, are intended to ensure a more transparent and predictable investment environment. It was also noted that government efforts are ongoing to promote investment in the electric mobility sector through supportive policies and infrastructure development, with investors encouraged to explore emerging opportunities in the field. The Norwegian side indicated that investors from Norway have shown growing interest in Ethiopia’s green economy, particularly in renewable energy and electric vehicle development, drawing on Norway’s experience in sustainable energy transition. The two sides further discussed preparations for the Nordic–Africa EV Summit scheduled for September in Addis Ababa. The summit is expected to bring together policymakers, investors, industry stakeholders, and development partners from Africa and the Nordic region to discuss electric mobility and clean transport systems. Both sides underscored that Ethiopia’s ongoing investment reforms and Norway’s expertise in green technologies present opportunities for expanded cooperation in sustainable investment areas, particularly in renewable energy and e-mobility."
Business,https://www.fanabc.com/english/category/business/,https://www.fanamc.com/english/%f0%9f%87%aa%f0%9f%87%b9-ethio-telecom-makes-historic-entry-into-capital-market-with-listing-on-ethiopian-securities-exchange/,🇪🇹 Ethio Telecom Makes Historic Entry into Capital Market with Listing on Ethiopian Securities…,"May 26, 2026","Mesafint Brlie May 26, 2026 0","Addis Ababa, May 26, 2026 (FMC) — Ethio Telecom has been officially listed on the Ethio Telecom shares market under the Ethiopian Securities Exchange (ESX), marking a historic turning point in the country’s financial and capital market development. The listing follows a public share offer in which the state-owned telecom operator sold a 10 percent stake to Ethiopian citizens. The initiative is designed to broaden public participation in ownership of one of the country’s largest and most profitable enterprises, while also laying the groundwork for a more inclusive investment culture and a modern capital market system. Speaking at the official listing ceremony, Ethio Telecom CEO Frehiwot Tamru said the company is committed to supporting Ethiopia’s broader digital transformation agenda and strengthening financial inclusion. She emphasized that the move aligns with national efforts under “Digital Ethiopia,” aimed at expanding access to digital services and economic opportunity. Regulatory authorities also highlighted the significance of the development, local media ENA reported. Ethiopian Capital Market Authority Director General Hana Tehelku noted that Ethio Telecom’s entry into the exchange reflects the growing role of major state enterprises in advancing technology, investment, and financial sector development. She added that the authority remains committed to providing regulatory oversight and institutional support as Ethiopia builds its capital market ecosystem. For his part, Ethiopian Securities Exchange CEO Tilahun Esmael described the listing as a key milestone for Ethiopia’s financial system, highlighting Ethio Telecom’s transformation and its importance in shaping the country’s digital and financial future. Beyond the institutional announcements, the listing is widely viewed as a foundational step in Ethiopia’s effort to establish a functioning capital market. It is expected to encourage domestic investment, attract potential foreign participation in the long term, and create a formal platform where citizens can trade shares and build wealth through equity ownership. Analysts see the move as part of a broader structural shift: transitioning from a largely state-led economic model toward a more market-oriented system with regulated investment channels. While still at an early stage, the Ethiopian Securities Exchange is positioned as a central pillar in that transition, aiming to connect businesses with capital and citizens with investment opportunities in a transparent marketplace, it was learned. Against this backdrop, the listing of Ethio Telecom is widely seen not only as a corporate milestone, but also as a symbolic gateway for Ethiopia’s entry into organized capital markets. #Ethiopia"
Business,https://www.fanabc.com/english/category/business/,https://www.fanamc.com/english/all-commercial-banks-in-ethiopia-authorized-to-issue-export-permits-for-china-exports-central-bank/,All commercial banks in Ethiopia authorized to issue export permits for China exports – Central Bank,"May 26, 2026","Mesafint Brlie May 26, 2026 0","Addis Ababa, May 26, 2026 (FMC) — The National Bank of Ethiopia has announced that all licensed commercial banks in the country are now authorized to issue export permits and facilitate banking services for exports destined to the People’s Republic of China . The decision revises a previous directive that had limited the issuance of export permits exclusively to the Commercial Bank of Ethiopia , under the framework of bilateral economic and financial cooperation between Ethiopia and China. In its statement, the central bank said the move is intended to streamline foreign trade procedures, enhance competitiveness in the export sector, and improve access to banking services for exporters. Accordingly, effective May 26, 2026, all commercial banks are authorized to process export permits, handle documentary credits, and manage related financial transactions for China-bound exports, in line with existing foreign exchange and export regulatory requirements."
Business,https://www.fanabc.com/english/category/business/,https://www.fanamc.com/english/newly-commissioned-grandeur-ceramic-factory-advances-ethiopias-vision-for-globally-competitive-manufacturing-pm-abiy/,Grandeur Ceramic Factory Advances Ethiopia’s Vision for Globally Competitive Manufacturing – PM Abiy,"May 23, 2026","Mesafint Brlie May 23, 2026 0","Addis Ababa, May 23, 2026 (FMC) — Prime Minister Abiy Ahmed said the inauguration of the Grandeur Ceramic Factory in Mojo town marks a major milestone in advancing the “Made in Ethiopia” initiative and reflects Ethiopia’s broader vision for globally competitive manufacturing.  In a social media post shared following the inauguration ceremony held this morning, the Prime Minister described the factory as a practical demonstration of the country’s ongoing industrialization drive, noting that such developments are expected to steadily expand across Ethiopia while attracting international investments.  According to the Prime Minister, the factory will produce ceramic products that meet international standards in both quality and competitiveness, while sourcing more than 80 percent of its raw materials locally. He further stated that the project will strengthen Ethiopia’s capacity to utilize its natural resources and domestic potential more effectively, while significantly reducing dependence on imported goods."
Business,https://www.fanabc.com/english/category/business/,https://www.fanamc.com/english/ethiopia-completes-third-direct-livestock-export-shipment-to-saudi-arabia/,Ethiopia Completes Third Direct Livestock Export Shipment to Saudi Arabia,"May 19, 2026","Mesafint Brlie May 19, 2026 0","Addis Ababa, May 19, 2026 (FMC) – Ethiopia has exported 5,500 head of livestock to Saudi Arabia in a direct shipment conducted under Ethiopian certificates of origin, marking the third such operation of its kind. The export was facilitated through a joint effort involving the Ethiopian Embassy in Djibouti and the Ethiopian Shipping and Logistics Services Enterprise, in collaboration with other sector institutions, and executed through an Ethiopian investor. The shipment of 5,500 sheep was conducted under Ethiopian certification of origin and directly dispatched to Saudi Arabia as part of an ongoing formal trade arrangement. According to the report, previous informal practices had prevented Ethiopian exporters from fully benefiting from legitimate sector revenues and had also limited competitiveness in the export market. This latest shipment marks the third direct export operation of its kind, following two earlier consignments dispatched from the Mille Livestock Quarantine Station directly to Middle Eastern markets under Ethiopia’s designation. The Embassy stated that it will continue efforts to curb illegal trade practices in the sector and strengthen monitoring and support for Ethiopian exporters entering the market, in coordination with relevant institutions."
Business,https://www.fanabc.com/english/category/business/,https://www.fanamc.com/english/ethiopia-pushes-for-expanded-european-investment-as-ethiopia-benelux-business-forum-opens-in-luxembourg/,Ethiopia Pushes for Expanded European Investment as Ethiopia-Benelux Business Forum Opens in…,"May 19, 2026","Mesafint Brlie May 19, 2026 0","Addis Ababa, May 19, 2026 (FMC) — Ethiopia has renewed its drive to deepen economic and trade engagement with European partners as the Ethiopia-Benelux Business Forum officially opened in Luxembourg, bringing together government officials, investors, business leaders and development partners from Ethiopia and the Benelux countries. The multi-country business forum is aimed at strengthening commercial relations, expanding business-to-business engagement and creating new investment partnerships between Ethiopia and the Benelux region comprising Belgium, the Netherlands and Luxembourg. More than 20 Ethiopian companies are taking part in the forum, presenting investment and trade opportunities across several strategic sectors as Ethiopia intensifies efforts to position itself as a competitive investment destination in Africa. Speaking at the opening session, Ethiopia’s Ambassador to Belgium, Luxembourg, the Netherlands and the European Union, Ambassador Eshete Tilahun, said the country’s ongoing macroeconomic reforms, expanding market liberalization measures and private sector-driven economic transition are accelerating Ethiopia’s broader economic transformation. The ambassador stressed that Ethiopia is actively working to attract foreign direct investment in key sectors including agriculture, manufacturing, mining, information and communication technology, renewable energy, tourism, healthcare and logistics. Highlighting Ethiopia’s strategic geographic position and growing connectivity to African markets, Ambassador Eshete said ongoing infrastructure expansion, reforms aimed at improving the business climate and rising clean energy capacity spearheaded by the Grand Ethiopian Renaissance Dam are strengthening the country’s attractiveness to international investors. He further called on investors and business communities from Luxembourg and the wider Benelux region to capitalize on emerging opportunities in Ethiopia and establish long-term, sustainable economic partnerships. The opening ceremony also featured remarks from Director of International Affairs at the Luxembourg Chamber of Commerce Cindy Tereba, Luxembourg’s Ambassador to Ethiopia Jeanne Crauser and Interim President of the CBL-ACP Dominiek Viaene. The Ethiopia-Benelux Business Forum, which began in Luxembourg on Monday, will continue in Brussels from May 19 to 22, 2026, with additional business engagements and investment discussions scheduled throughout the forum, the Ethiopian Embassy in Brussels told Fana Media Corporation."
Business,https://www.fanabc.com/english/category/business/,https://www.fanamc.com/english/made-in-ethiopia-expo-generates-over-57-billion-birr-in-business-agreements/,‘Made in Ethiopia’ Expo Generates Over 57 Billion Birr in Business Agreements,"May 9, 2026","Mesafint Brlie May 9, 2026 0","Addis Ababa, May 9, 2026 (FMC) — Ethiopia secured trade agreements worth more than 57 billion birr during this year’s “Made in Ethiopia” Expo, Industry Minister Melaku Alebel announced at the event’s closing ceremony. The fourth edition of the expo, held under the theme “Ethiopian Industry for Universal Sovereignty,” concluded last night in the presence of Deputy Prime Minister Temesgen Tiruneh.  Speaking at the ceremony, Minister Melaku said Ethiopia’s pursuit of self-reliance is closely tied to the country’s survival and sovereignty, stressing that the application of artificial intelligence in productivity and innovation will play a decisive role in the future of the manufacturing sector. He noted that more than 350 industries took part in the exhibition across five major sectors. The minister also highlighted the support extended to start-up companies, which enabled them to showcase their products and innovations during the event. According to him, 20 start-ups presented their creative works to visitors, while product development competitions featuring new innovations were organized among 22 industries. He added that 10 companies introduced a variety of products developed from different local resources during food-tasting sessions held as part of the expo. Melaku further stated that the exhibition facilitated more than 12,000 business and market linkage connections among manufacturers. He added that trade and marketing agreements exceeding 57 billion birr were secured through partnerships established between 16 government institutions and manufacturing industries during the expo. The minister said the event reflected the government’s growing commitment to strengthening the manufacturing sector and creating broader market opportunities for domestic producers. He also noted that the expo created momentum for Ethiopian manufacturers to expand into African markets, while helping stimulate financing improvements and encouraging production systems supported by artificial intelligence. In addition, he said the platform enabled many micro, small, and medium-sized enterprises to promote their products and establish business linkages with large-scale industries. Melaku announced that the next edition of the “Made in Ethiopia” Expo will be held from May 13 to 18, 2027, according to the Ethiopian calendar schedule cited during the event."
Business,https://www.fanabc.com/english/category/business/,https://www.fanamc.com/english/minister-says-ethiopia-entering-new-era-of-locally-engineered-industrial-production/,Minister Says Ethiopia Entering New Era of Locally Engineered Industrial Production,"May 8, 2026","Mesafint Brlie May 8, 2026 0","Addis Ababa, May 8, 2026 (FMC) – Ethiopia is entering a new phase of industrial development marked by the emergence of locally designed, manufactured, and assembled products, Industry Minister Melaku Alebel said, highlighting the progress being registered under the government’s “Made in Ethiopia” initiative. The minister made the remarks in an exclusive interview with the Fana Podcast as the 4th edition of the “Made in Ethiopia” Expo concludes today in Addis Ababa. The exhibition, held under the theme “Ethiopian Industry for Universal Sovereignty,” was officially opened by Prime Minister Abiy Ahmed on May 3. Reflecting on the condition of the manufacturing sector before the launch of the “Made in Ethiopia” movement four years ago, Melaku said industries in the country were limited both in scale and variety. He noted that the sector later came under additional strain due to the disruption caused by the COVID-19 pandemic, while many factories were also heavily affected during the conflict in northern Ethiopia in previous years. According to the minister, the “Made in Ethiopia” movement was launched to help the country overcome those challenges and place the manufacturing sector on a new path of growth and transformation. Melaku said a document aimed at addressing the major challenges facing Ethiopia’s manufacturing industry was prepared and discussed extensively, adding that the initiative received support from Prime Minister Abiy Ahmed. Highlighting the changes being witnessed in the sector, the minister stated that Ethiopia has now moved into a stage where machinery designed in Ethiopia, manufactured in Ethiopia, and assembled in Ethiopia is increasingly being put into operation. He added that expanding the production of import-substitution goods in terms of quality, quantity, and variety is helping reduce foreign currency expenditure while also serving as an expression of modern patriotism. The minister further said the coincidence of this year’s “Made in Ethiopia” Expo with the commemoration of Patriots’ Victory Day has given the event added historical significance."
Business,https://www.fanabc.com/english/category/business/,https://www.fanamc.com/english/minister-made-in-ethiopia-expo-projected-to-attract-150000-visitors-and-generate-over-5-billion-birr-in-trade-deals/,"Minister: “Made in #Ethiopia” Expo Projected to Attract 150,000 Visitors and Generate…","May 2, 2026","Mesafint Brlie May 2, 2026 0","Addis Ababa, May 2, 2026 (FMC) – Ethiopia’s efforts to strengthen its manufacturing sector are gaining momentum, with the government positioning the upcoming 4th Made in Ethiopia Expo as a key platform for industrial growth, trade expansion, and innovation, according to the country’s industry ministry. Briefing the media ahead of this year’s expo, Industry Minister Melaku Alebel said the “Made in Ethiopia” initiative is already improving the competitiveness of local manufacturers by enhancing productivity. He added that the initiative is also addressing structural bottlenecks and expanding market access through coordinated policy support and targeted interventions. The expo is scheduled to take place from May 3 to 8, 2026, at the Addis International Convention Center under the theme “Made in Ethiopia for Multifaceted Sovereignty.” Officials said the event is expected to attract more than 150,000 local and international visitors, bringing together manufacturers, investors, policymakers, and innovators in a large-scale exhibition of Ethiopia’s industrial capacity. They further indicated that the expo is projected to facilitate over 850 trade agreements valued at more than 5 billion birr, underscoring its role as both a commercial platform and a policy-driven instrument for industrial expansion. Beyond showcasing locally produced goods, the event is designed to promote innovation, technology transfer, and knowledge sharing across different sectors. Startups will be provided dedicated space to engage with established firms, with opportunities to scale their ideas into commercial ventures. The program will also feature panel discussions, product development competitions, and recognition awards aimed at strengthening Ethiopia’s broader industrial ecosystem. Authorities noted that the initiative aligns with national efforts to enhance food sovereignty through stronger agro-industrial linkages. At its core, the expo reflects a broader national push to reposition Ethiopia’s manufacturing sector as a driver of economic transformation and global competitiveness."
Business,https://www.fanabc.com/english/category/business/,https://www.fanamc.com/english/%f0%9f%87%aa%f0%9f%87%b9-industrial-reform-after-agoa-exit-reshaped-ethiopias-energy-and-manufacturing-strategy-pm-abiy-ahmed/,🇪🇹 Industrial Reform After AGOA Exit Reshaped #Ethiopia’s Energy and Manufacturing Strategy – PM…,"Apr 27, 2026","Mesafint Brlie Apr 27, 2026 0","Addis Ababa, April 26, 2026 (FMC) – Industrial reforms undertaken in the aftermath of Ethiopia’s withdrawal from the African Growth and Opportunity Act (AGOA) have reshaped the country’s energy and manufacturing strategy, Ethiopian Prime Minister Abiy Ahmed said. The Prime Minister made the remarks while addressing an inauguration ceremony held at the Hawassa Industrial Park, where the second phase of Toyo Solar Energy, Origin and Lumitech solar factories, and the HZ gas production plant were launched. He recalled that the industrial park, previously centered on textile production, faced severe operational setbacks following Ethiopia’s withdrawal from AGOA, which reduced access to key export markets and left much of the facility underutilized. This, he said, exposed the risks of relying heavily on a single economic sector. According to the Prime Minister, this experience became a turning point for national economic planning, leading to broad industrial policy reforms aimed at diversifying production and expanding into high-value sectors such as renewable energy and advanced manufacturing. He noted that Ethiopia has since drawn lessons from Vietnam’s industrial transformation, adopting a more diversified and technology-driven development model to strengthen both energy security and long-term economic resilience. The Prime Minister stated that the solar factories inaugurated on the occasion have a combined capacity of 11.3 gigawatts of clean energy annually. He further explained that ongoing solar developments in Hawassa, along with projects in Debre Birhan and Addis Ababa, are expected to raise Ethiopia’s total solar energy output to over 20.3 gigawatts next year. He added that Hawassa alone is projected to reach 15.3 gigawatts of solar generation capacity as additional facilities become operational. Alongside the solar projects, the HZ gas plant will produce 900 tons of oxygen, 40,000 tons of nitrogen, and 7 tons of hydrogen annually, contributing to industrial supply chains and energy needs. Abiy also emphasized that the new facilities are powered by advanced technologies, including artificial intelligence and robotics, which enhance production efficiency and industrial performance. He stressed that scaling up such technologies is essential for strengthening competitiveness in modern industrial sectors. The Prime Minister further indicated that the projects are expected to generate more than one billion U.S. dollars in annual foreign exchange earnings, significantly boosting Ethiopia’s economic capacity. He concluded that Ethiopia’s industrial transformation demonstrates how strategic reform, sector diversification, and technological adoption can reposition the country toward a more resilient and competitive economy."
World News,https://www.fanabc.com/english/category/worldnews/,https://www.fanamc.com/english/un-chief-calls-for-dialogue-as-only-path-to-peace-amid-global-conflicts/,UN Chief Calls for Greater Dialogue to Advance Peace on International Day for Dialogue Among Civilizations,"Jun 11, 2026","Mesafint Brlie Jun 11, 2026","Addis Ababa, June 11, 2026 (FMC) — United Nations Secretary-General António Guterres has called for renewed global commitment to dialogue as a foundation for peace, urging nations and communities to embrace mutual understanding and cooperation in addressing today’s pressing challenges. In a message marking the International Day for Dialogue Among Civilizations, observed on Wednesday, the UN chief said dialogue remains the world’s “best and only hope for peace,” pointing to ongoing conflicts in the Middle East, Ukraine, Sudan and elsewhere as reminders of the urgent need for diplomatic engagement.  “When we listen, talk and connect, we replace confrontation with cooperation, and tension with trust,” Guterres said, stressing that meaningful dialogue can help resolve conflicts, address global challenges and improve people’s lives. The Secretary-General further emphasized that “change begins with open minds and open hearts,” urging the international community to strengthen dialogue among civilizations as a pathway to lasting peace, mutual respect and solidarity. Guterres also underscored that there is “no alternative” to dialogue and called for urgent action to advance peaceful solutions to conflicts around the world. The International Day for Dialogue Among Civilizations promotes mutual respect, intercultural understanding and peaceful coexistence among peoples, while encouraging dialogue as a key instrument for preventing conflict and fostering sustainable peace."
World News,https://www.fanabc.com/english/category/worldnews/,https://www.fanamc.com/english/xi-outlines-four-priorities-for-advancing-china-dprk-relations/,Xi Outlines Four Priorities for Advancing China-DPRK Relations,"Jun 8, 2026","Mesafint Brlie Jun 8, 2026","Addis Ababa, June 8, 2026 (FMC) — Chinese President Xi Jinping on Monday outlined four priorities for advancing relations between China and the Democratic People’s Republic of Korea (DPRK) during talks with North Korean leader Kim Jong Un in Pyongyang, according to China’s People’s Daily . Xi said the two countries should strengthen political mutual trust, expand practical cooperation, deepen people-to-people exchanges, and enhance strategic coordination to further elevate bilateral relations. The Chinese president described his visit as an opportunity to strengthen top-level planning and strategic guidance for China-DPRK relations in the new era, expressing confidence that closer cooperation would benefit both countries and contribute to regional peace, stability and development, the newspaper reported. Xi also reaffirmed China’s commitment to its longstanding ties with the DPRK, saying Beijing’s policy of valuing traditional friendship, supporting North Korea’s development, and safeguarding the common interests of the two countries remains unchanged despite evolving international circumstances. According to People’s Daily , Xi proposed expanding cooperation in areas including trade, agriculture, construction, science and technology, healthcare, education, culture, tourism, sports and media, while encouraging greater people-to-people exchanges following the reopening of border crossings and the resumption of cross-border transport services. On regional affairs, Xi emphasized the importance of closer strategic coordination to safeguard the two countries’ sovereignty, security and development interests and to jointly promote peace, stability and development in the region. Xi also noted that this year marks the 65th anniversary of the China-DPRK Treaty of Friendship, Cooperation and Mutual Assistance, saying the milestone will be commemorated through a series of official events. The remarks were delivered during Xi’s meeting with Kim as part of the Chinese leader’s two-day state visit to North Korea, his first visit to the country in seven years."
World News,https://www.fanabc.com/english/category/worldnews/,https://www.fanamc.com/english/chinese-president-xi-begins-two-day-state-visit-to-north-korea/,Chinese President Xi Begins Two-Day State Visit to…,,,"Addis Ababa, June 8, 2026 (FMC) — Chinese President Xi Jinping arrived in Pyongyang on Monday for a two-day state visit, where he is holding summit talks with North Korean leader Kim Jong Un aimed at deepening bilateral relations and discussing regional and international issues of mutual concern. The visit marks Xi’s first trip to North Korea in seven years and his first overseas visit of 2026. It comes as Beijing seeks to reinforce its longstanding ties with Pyongyang amid evolving geopolitical dynamics in Northeast Asia, including North Korea’s growing cooperation with Russia and persistent tensions over its nuclear and missile programs. Kim Jong Un welcomed Xi with full state honors at Pyongyang International Airport, where the Chinese leader received a ceremonial red-carpet reception, a 21-gun salute and military honors before the two leaders proceeded to an official welcoming ceremony in the North Korean capital. Xi was accompanied by a high-level delegation that includes First Lady Peng Liyuan, Foreign Minister Wang Yi and senior Communist Party official Cai Qi. Ahead of the visit, Xi said China remains committed to strengthening its relationship with North Korea, describing bilateral ties as entering “a new historical starting point.” He pledged to deepen strategic communication, expand cooperation across various sectors and work with Pyongyang to safeguard regional peace and stability while promoting a fair and just international order. The leaders are expected to discuss ways to expand political, economic and security cooperation during the visit. Analysts say Beijing is seeking to reaffirm its influence on the Korean Peninsula while maintaining close engagement with its longtime ally as regional security challenges continue to evolve. China is North Korea’s largest trading partner and closest diplomatic ally, with the two countries maintaining a longstanding treaty relationship and gradually restoring high-level exchanges and cross-border cooperation following pandemic-related disruptions."
World News,https://www.fanabc.com/english/category/worldnews/,https://www.fanamc.com/english/un-secretary-general-calls-for-renewed-global-commitment-to-africas-development-and-climate-resilience/,UN Secretary-General Calls for Renewed Global…,,,"Addis Ababa, May 25, 2026 (FMC) — United Nations Secretary-General António Guterres has called for renewed global commitment to Africa’s development, emphasizing the need for stronger cooperation to address water, energy, and climate-related challenges across the continent. In his Africa Day 2026 message, the UN chief highlighted Africa’s resilience, strengths, and growing global influence, noting that generations of Africans have overcome the legacy of slavery and colonialism while building unity and purpose out of adversity. He said Africa’s shared determination continues to drive key development priorities, including the expansion of continental free trade, renewable energy development, innovation, and sustainable growth aimed at strengthening peace, stability, and prosperity. Guterres stressed that this year’s Africa Day theme, focusing on water and sanitation, underscores a critical development challenge, describing these services as fundamental to public health, human dignity, and economic opportunity. He warned that millions of people across Africa still lack access to safe water and sanitation due to limited investment, weak infrastructure, and the intensifying impacts of climate change, with women and youth among the most affected. The UN Secretary-General called for stronger domestic resource mobilization, improved governance, and sustained investment in the water and sanitation sector. He also urged greater global solidarity to support African countries through expanded access to financing, debt relief mechanisms, and strengthened public-private partnerships. Guterres further emphasized the need for significant investment in Africa’s electrification and transition to renewable energy, saying it is essential to powering water and sanitation systems, reducing vulnerability to global oil market volatility, and advancing global climate goals. He reaffirmed the United Nations’ commitment to working with African countries in building a peaceful, prosperous, and sustainable future for all."
World News,https://www.fanabc.com/english/category/worldnews/,https://www.fanamc.com/english/at-least-90-killed-in-china-coal-mine-gas-explosion-as-rescue-operations-continue/,At least 90 killed in China coal mine gas explosion as rescue operations continue,"May 23, 2026","Mesafint Brlie May 23, 2026 0","Addis Ababa, May 23, 2026 (FMC) – At least 90 people have been killed following a gas explosion at a coal mine in northern China, according to state media reports. The incident occurred at the Liushenyu Coal Mine, operated by the Tongzhou Group, in Shanxi Province, at 19:29 local time on Friday (11:29 GMT), while 247 workers were reportedly on duty underground. Hundreds of rescue personnel have been deployed to the site as emergency operations continue. Footage aired by state media showed paramedics transporting stretchers, with ambulances stationed nearby as teams work to locate survivors and assist the injured. Chinese authorities said the explosion was caused by a sudden gas incident. Initial reports indicated that carbon monoxide levels in parts of the mine had exceeded safe limits, raising concerns over toxic exposure in addition to the blast. Following the tragedy, Chinese President Xi Jinping called for all-out efforts to treat the injured, search for survivors, and minimize further casualties. He also ordered a full investigation into the cause of the explosion and emphasized accountability for those responsible. Several officials linked to the mine’s operations have reportedly been detained as part of the early investigation, according to state media. China’s Ministry of Emergency Management has dispatched 345 personnel from six specialized rescue teams to support ongoing operations. Mining accidents in China’s coal sector were once frequent in the early 2000s, though safety standards have since been strengthened in recent years. However, serious industrial incidents continue to occur, particularly in remote mining regions. Rescue operations are ongoing, and authorities say further updates will be provided as more information becomes available."
World News,https://www.fanabc.com/english/category/worldnews/,https://www.fanamc.com/english/india-africa-forum-summit-iv-postponed-amid-evolving-health-situation-in-africa/,India–Africa Forum Summit IV Postponed Amid Evolving Health Situation in Africa,"May 21, 2026","Mesafint Brlie May 21, 2026 0","Addis Ababa, May 21, 2026 (FMC) – India and the African Union have agreed to postpone the Fourth India–Africa Forum Summit (IAFS IV), which had been scheduled to take place in New Delhi from May 28–31, 2026. According to a joint press release issued following consultations between the Government of India, the Chairperson of the African Union, and the African Union Commission, the decision was made in light of the evolving public health situation in parts of Africa. The two sides reaffirmed the importance of continued cooperation in strengthening public health preparedness and response capacities across the continent, including through support to the Africa Centres for Disease Control and Prevention (Africa CDC) and relevant national institutions. India also reiterated its solidarity with the peoples and governments of Africa and expressed readiness to contribute to Africa CDC-led efforts aimed at addressing the evolving health situation in line with the shared commitment to an Africa-led response. The statement noted that the postponement was agreed upon to ensure the full participation and engagement of African leaders and stakeholders in the summit and its associated activities. India and the African Union further confirmed that new dates for the summit and related meetings will be finalized through mutual consultations and communicated in due course. The two sides also reaffirmed their longstanding partnership founded on solidarity, mutual respect, South–South cooperation, and a shared commitment to peace, development, prosperity, and the well-being of their peoples."
World News,https://www.fanabc.com/english/category/worldnews/,https://www.fanamc.com/english/india-ranks-first-globally-in-workplace-ai-adoption-as-daily-use-reaches-41/,India ranks first globally in workplace AI adoption as daily use reaches 41%,"May 21, 2026","Mesafint Brlie May 21, 2026 0","Addis Ababa, May 21, 2026 (FMC) – India has emerged as the world’s leading adopter of artificial intelligence in the workplace, according to a new international study showing that 41 per cent of employees in the country now use AI tools on a daily basis, TV BRICS reported, citing a report from its Indian media partner IANS. The report also found that nearly 80 per cent of Indian professionals interact with artificial intelligence several times a week – the highest level recorded among all surveyed countries and significantly above the global average. Analysts say the figures underline India’s rapidly expanding role in the global digital economy and highlight the country’s accelerating transition towards AI-driven workplaces across multiple sectors, including technology, finance, education, logistics and public services. The study revealed that India outperformed all other participating countries in regular workplace AI use. Nigeria and Vietnam followed with 39 per cent and 36 per cent of employees using AI daily respectively, while globally only around half of workers reported using such technologies multiple times per week. Researchers noted that widespread AI integration is transforming everyday professional routines, automating repetitive tasks and increasing reliance on digital tools for communication, analysis and decision-making. At the same time, the findings point to a growing debate surrounding productivity and the future of work. While employees who use AI daily reported higher levels of engagement and lower stress."
World News,https://www.fanabc.com/english/category/worldnews/,https://www.fanamc.com/english/china-russia-elevate-strategic-partnership-as-xi-putin-chart-expanded-cooperation-across-key-sectors/,"China, Russia Elevate Strategic Partnership as Xi, Putin Chart Expanded Cooperation Across Key…","May 20, 2026","Mesafint Brlie May 20, 2026 0","Addis Ababa, May 20, 2026 (FMC) — China and Russia have strengthened their comprehensive strategic partnership following extensive high-level engagements in Beijing, with both sides agreeing to deepen coordination across political, economic, security, and global governance areas. The developments came during talks between Chinese President Xi Jinping and Russian President Vladimir Putin at the Great Hall of the People, alongside expanded-format discussions, a joint press briefing, and the signing of multiple cooperation agreements, as well as ceremonial exchanges including a banquet and tea conversation. Both leaders reaffirmed that China-Russia relations have entered a new stage of greater achievements and faster development, grounded in deepening political trust and expanding practical cooperation. Xi Jinping stressed that bilateral ties are built on equality, mutual respect, and mutual benefit, and called for closer alignment of development strategies and full implementation of existing agreements. Putin described the partnership as having reached an unprecedented level, underscoring it as a model of comprehensive strategic coordination based on long-term cooperation. Both sides highlighted the significance of the 30th anniversary of their strategic partnership and the 25th anniversary of the Treaty of Good-Neighborliness and Friendly Cooperation. Economic ties continued to expand, with bilateral trade consistently exceeding 200 billion U.S. dollars in recent years, while energy cooperation remains central. Cooperation is also growing in transport, agriculture, science and technology, and industrial development. Xi called for deeper alignment between China’s 15th Five-Year Plan (2026–2030) and Russia’s development strategy through 2030, with both sides agreeing to expand cooperation in emerging technologies and innovation-driven sectors. A key outcome of the talks was agreement to advance major cross-border infrastructure projects, including a second railway track on the Zabaikalsk–Manzhouli corridor, expected to significantly boost cargo capacity by 2030. Both sides also noted progress in aviation and road connectivity, as well as expanded use of GLONASS and BeiDou systems in digital logistics. The two countries issued a joint statement outlining a shared vision for a multipolar world and a new type of international relations based on equality, sovereignty, and non-interference, rejecting unilateralism and bloc confrontation while calling for reform of global governance to reflect emerging economies. They reaffirmed support for diplomatic solutions to international crises, including Ukraine and Middle East tensions, and reiterated commitment to the United Nations Charter. Both sides also emphasized civilizational diversity and strengthened coordination within the UN, BRICS, G20, SCO, and APEC frameworks. Xi and Putin also jointly attended the opening of the China-Russia Years of Education, highlighting expanded cooperation in education, youth exchange, and academic collaboration. The engagements concluded with the signing of multiple agreements and reaffirmation of sustained high-level coordination, reflecting what both sides described as a resilient and steadily advancing strategic partnership."
World News,https://www.fanabc.com/english/category/worldnews/,https://www.fanamc.com/english/china-and-russia-double-down-on-strategic-alliance-amid-global-uncertainty/,China and Russia double down on strategic alliance amid global uncertainty,"May 20, 2026","Mesafint Brlie May 20, 2026 0","Addis Ababa, May 20, 2026 (FMC) — Chinese President Xi Jinping and Russian President Vladimir Putin have reaffirmed their commitment to strengthening bilateral cooperation, as both countries seek to deepen their strategic alignment amid rising global uncertainty. The two leaders held high-level talks in Beijing, where they underscored the importance of advancing China-Russia relations in a more coordinated and comprehensive manner, according to reports from China Global Television Network (CGTN). Discussions focused on expanding cooperation across political, economic, and strategic sectors, with both sides emphasizing the need to reinforce mutual trust and enhance joint responses to global challenges.  Xi highlighted the significance of consolidating long-term strategic communication between Beijing and Moscow, while also calling for broader collaboration in safeguarding shared interests on the international stage.  Putin, on his part, reaffirmed Moscow’s readiness to further strengthen cooperation with Beijing, describing bilateral relations as stable and resilient in the face of shifting global dynamics. The meeting comes at a time of intensifying geopolitical competition and ongoing realignments in global power structures, with China and Russia increasingly presenting a coordinated diplomatic posture on key international issues."
World News,https://www.fanabc.com/english/category/worldnews/,https://www.fanamc.com/english/china-and-u-s-agree-to-advance-reciprocal-tariff-reduction-framework/,China and U.S. Agree to Advance Reciprocal Tariff Reduction Framework,"May 20, 2026","Mesafint Brlie May 20, 2026 0","Addis Ababa, May 20, 2026 (FMC) — China and the United States have agreed in principle to begin discussions on a reciprocal tariff reduction framework covering products valued at more than 30 billion U.S. dollars on each side, according to a report by China’s state-run Xinhua News Agency, citing the Chinese Ministry of Commerce. The ministry said the discussions will take place under the bilateral trade council mechanism following the latest round of China-U.S. economic and trade consultations held recently in Beijing. A Chinese commerce ministry official said products identified by both countries under the proposed arrangement are expected to benefit from most-favored-nation tariff rates or potentially even lower tariffs once the framework is finalized and implemented. According to the official, the planned tariff reduction arrangement is expected to help stabilize and expand bilateral trade between the world’s two largest economies, while also contributing to broader global economic cooperation amid ongoing uncertainties in international trade. The ministry further noted that economic and trade teams from both sides will continue close communication to finalize detailed implementation measures and accelerate the rollout of the agreement."
World News,https://www.fanabc.com/english/category/worldnews/,https://www.fanamc.com/english/major-power-dialogue-yields-new-understandings-on-china-u-s-economic-and-strategic-ties/,Major Power Dialogue Yields New Understandings on China–U.S. Economic and Strategic Ties,"May 15, 2026","Mesafint Brlie May 15, 2026 0","Addis Ababa, May 15, 2026 (FMC) — Chinese President Xi Jinping and U.S. President Donald Trump have reached new understandings on economic and strategic relations following a private meeting held on Friday at the Zhongnanhai leadership compound in Beijing, according to Chinese state media. The meeting took place as Trump concluded his state visit to China, a day after formal talks between the two leaders. Upon Trump’s arrival, Xi welcomed him warmly, and the two leaders were seen walking and conversing within the compound’s garden. Xi described the visit as historic and said both sides had agreed on a new vision for building a constructive China–U.S. relationship characterized by strategic stability. He stated that the two countries had reached important common understandings on maintaining stable economic and trade ties, expanding practical cooperation in various fields, and properly addressing each other’s concerns. He further noted that both sides agreed to strengthen communication and coordination on international and regional issues. According to Xi, the engagement would help enhance mutual understanding, deepen mutual trust, and improve the well-being of the peoples of both countries. Xi emphasized that it is a shared aspiration of the international community for China and the United States to pursue peaceful coexistence and win-win cooperation based on mutual respect. He added that while the United States seeks national renewal, China is advancing national rejuvenation, stressing that both countries can support their respective development through cooperation. He called for full implementation of the understandings reached, urging both sides to maintain momentum, stay aligned with the agreed direction, and avoid disruptions in bilateral relations. For his part, Trump described the visit as highly successful, saying it had drawn global attention and produced meaningful outcomes. He said the two sides had reached a series of understandings, signed multiple agreements, and resolved several issues beneficial to both countries and the wider world. Trump expressed respect for Xi, referring to him as an old friend, and said the China–U.S. relationship is highly important and expected to continue improving. He also indicated readiness to maintain close communication with Xi and expressed hope to host him in Washington in the future. The two leaders also exchanged views on regional hotspot issues, according to the report."
World News,https://www.fanabc.com/english/category/worldnews/,https://www.fanamc.com/english/au-and-un-reaffirm-joint-commitment-to-african-led-peace-efforts-and-development-goals/,AU and UN Reaffirm Joint Commitment to African-Led Peace Efforts and Development Goals,"May 13, 2026","Mesafint Brlie May 13, 2026 0","Addis Ababa, May 13, 2026 (FMC) — The African Union and the United Nations have reaffirmed their commitment to strengthening cooperation across peace and security, sustainable development, human rights, and global governance reform following the 10th AU–UN Annual Conference in Addis Ababa. In a joint communiqué, AU Commission Chairperson Mahmoud Ali Youssouf and UN Secretary-General António Guterres described the partnership as central to advancing peace, security, and the implementation of Agenda 2063 and the 2030 Agenda, while expressing concern over escalating conflicts, humanitarian crises, inequality, climate change, and weakening respect for international law. Both sides emphasized the need for coordinated global action and stronger institutional cooperation, while reviewing progress in implementing joint frameworks on peace and security, sustainable development, and human rights. On peace and security, they underscored the importance of political solutions and called for predictable and sustainable financing for AU-led peace support operations, including through UN Security Council Resolution 2719. The communiqué highlighted ongoing crises in the Great Lakes region, Sudan, the Horn of Africa, and the Sahel, reaffirming support for mediation efforts, political dialogue, and coordinated regional responses. On Sudan, they called for prioritizing civilian interests and advancing an inclusive inter-Sudanese dialogue through the Quintet mechanism. On the Horn of Africa, they stressed full implementation of the Pretoria Cessation of Hostilities Agreement and expressed concern over rising tensions in the region. The two sides also reaffirmed cooperation on sustainable development, financing for development, digital transformation, energy transition, and regional integration, while calling for reforms of the international financial architecture to address debt, financing gaps, and illicit financial flows. They further emphasized the centrality of human rights in peacebuilding and development and welcomed progress in strengthening accountability frameworks within AU peace support operations. The conference also underscored Africa’s 2026 theme on sustainable water and sanitation, with commitments to enhance cooperation on climate-resilient infrastructure and early warning systems. At the conclusion, both leaders signed a declaration reaffirming the AU–UN cooperation frameworks and agreed to strengthen joint implementation mechanisms, describing the partnership as a model of effective multilateralism. The next AU–UN Annual Conference will be held in New York in 2027."
World News,https://www.fanabc.com/english/category/worldnews/,https://www.fanamc.com/english/frances-e23-billion-africa-investment-initiative-signals-shift-toward-private-capital-and-economic-partnership/,France’s €23 Billion Africa Investment Initiative Signals Shift Toward Private Capital and Economic…,"May 12, 2026","Mesafint Brlie May 12, 2026 0","Addis Ababa, May 12, 2026 (FMC) — French President Emmanuel Macron has announced a €23 billion investment initiative aimed at supporting Africa’s development priorities, marking what he described as a shift toward deeper economic partnership and increased private capital participation. Speaking at the Africa Forward Summit in Nairobi, Kenya, Macron said the renewed approach to Africa–France relations should move beyond traditional aid models toward investment-driven cooperation based on mutual benefit, sovereignty, and shared growth objectives. He outlined that the initiative will target key sectors including clean energy, digital infrastructure, agriculture, and innovation, with the aim of strengthening long-term economic transformation across the continent. Macron also emphasized the need for reforms in the global financial system to improve Africa’s access to capital and reduce perceived investment risks that continue to limit financial flows to the continent. He further indicated plans to advance a first-loss guarantee mechanism at the upcoming G7 Summit, intended to encourage private sector investment by reducing risk exposure in African markets. The French President stressed that Africa must play a stronger role in global decision-making processes related to economic governance, climate action, and technological development, noting that the continent’s future is central to global stability. He added that the private sector will be central to the new partnership framework, particularly in driving investment, industrial cooperation, innovation, and job creation across Africa."
World News,https://www.fanabc.com/english/category/worldnews/,https://www.fanamc.com/english/un-secretary-general-criticizes-global-debt-and-financial-systems-as-structurally-unfair-to-african-countries/,UN Secretary-General Criticizes Global Debt and Financial Systems as Structurally Unfair to African…,"May 12, 2026","Mesafint Brlie May 12, 2026 0","Addis Ababa, May 12, 2026 (FMC) — United Nations Secretary-General António Guterres has criticized the global debt and financial architecture, describing it as structurally unfair to African countries and many developing economies. Speaking at the Africa Forward Summit in Nairobi, Kenya, Guterres said the current global financial system, designed in 1945, no longer reflects today’s realities and continues to disadvantage developing countries in access to finance and debt sustainability.  He highlighted Africa’s growing role in pushing for reforms, noting its leadership in advancing discussions on restructuring the global financial system, including efforts to strengthen collective bargaining mechanisms for borrowing countries and challenge credit rating systems he said are biased against developing economies. The UN Secretary-General also commended initiatives such as the Seville Commitment, aimed at expanding the lending capacity of multilateral development banks, mobilizing private capital, and addressing rising debt burdens in developing countries. He underscored the role of African institutions, particularly the African Development Bank, in advancing reforms to mobilize domestic resources and reshape financial systems to better serve African priorities. Guterres further supported efforts toward a UN framework convention on international tax cooperation, saying it would help ensure fairer global taxation and reduce revenue losses for developing countries. On climate issues, he warned that Africa faces disproportionate impacts despite contributing minimally to global emissions, stressing that the continent continues to suffer from climate shocks, including displacement, food insecurity, and economic losses. He also noted that Africa receives a disproportionately small share of global clean energy investment despite holding vast renewable energy potential, calling for increased financing to close the gap. The UN chief emphasized that climate adaptation finance remains insufficient, urging urgent global action to support vulnerable countries, particularly in Africa, which continues to bear the heaviest burden of climate change impacts."
Sport,https://www.fanabc.com/english/category/sport/,https://www.fanamc.com/english/fifa-to-pay-full-world-cup-fee-to-somali-referee-barred-from-u-s-entry/,FIFA to Pay Full World Cup Fee to Somali Referee Barred from U.S. Entry,"Jun 15, 2026","Mesafint Brlie Jun 15, 2026","Addis Ababa, June 14, 2026 (FMC) – FIFA will pay Somali referee Omar Abdulkadir Artan his full tournament fee despite his exclusion from the 2026 FIFA World Cup after U.S. authorities denied him entry into the country, according to Reuters. A source familiar with the matter told Reuters that FIFA has committed to paying Artan the full amount he would have earned, even though he will not officiate any matches at the tournament. Artan, who was named Africa’s Referee of the Year in 2025, had been set to become the first Somali official to referee at a FIFA World Cup. However, he was refused entry by U.S. Customs and Border Protection upon arrival in the United States. The Trump administration said Artan was denied entry over alleged links to “suspected members of terror organizations.” FIFA has maintained that immigration decisions fall under the authority of the host country and are outside its jurisdiction. Despite missing the World Cup, Artan received a hero’s welcome upon returning to Somalia. In a further show of support, UEFA has appointed the 34-year-old to officiate the UEFA Super Cup between Paris Saint-Germain and Aston Villa in August."
Sport,https://www.fanabc.com/english/category/sport/,https://www.fanamc.com/english/uefa-assigns-somali-referee-omar-artan-to-super-cup-after-recent-world-cup-snub/,UEFA Assigns Somali Referee Omar Artan to Super Cup After Recent World Cup Snub,"Jun 11, 2026","Mesafint Brlie Jun 11, 2026","Addis Ababa, June 11, 2026 (FMC) – UEFA has assigned Somali international referee Omar Abdulkadir Artan to officiate the UEFA Super Cup final, marking a significant career milestone following his recent exclusion from the 2026 FIFA World Cup officiating list. Artan, widely regarded as one of Africa’s most promising referees on the international stage, will take charge of the high-profile fixture between Paris Saint-Germain and Aston Villa scheduled for August 12 in Salzburg, Austria. The appointment comes in the wake of his omission from the FIFA World Cup refereeing panel, a decision linked to administrative and immigration-related clearance issues that prevented his participation in the tournament despite earlier selection. UEFA’s decision to entrust Artan with the Super Cup is seen as a strong vote of confidence in his officiating credentials. The assignment places him among an elite group of referees selected for one of European football’s most prestigious annual fixtures. Artan has built a solid reputation through consistent performances in CAF competitions, including the CAF Champions League and Africa Cup of Nations, where he has been praised for his composure, positioning, and match control under pressure. Football observers view his latest appointment as both a professional redemption and an affirmation of his standing in global refereeing circles, reinforcing the growing visibility of Somali officials in international football. The UEFA Super Cup assignment is expected to further elevate Artan’s profile ahead of upcoming continental and international competitions."
Sport,https://www.fanabc.com/english/category/sport/,https://www.fanamc.com/english/au-commission-backs-africas-10-world-cup-representatives-hails-record-continental-presence/,AU Commission Backs Africa’s 10 World Cup…,,,"Addis Ababa, June 10, 2026 (FMC) — The Chairperson of the African Union (AU) Commission, Mahmoud Ali Youssouf, has extended his best wishes to the ten African nations competing in the 2026 FIFA World Cup, describing their record representation as a milestone that reflects the growing strength and global competitiveness of African football. In a statement issued as the tournament kicked off today, the AU Commission Chairperson said the unprecedented level of African participation is a source of continental pride, showcasing the talent, resilience, and determination of African players. “This record level of African participation reflects the continued rise of African football and the talent, resilience, and determination of its players. It is a moment of continental pride, uniting Africans across all regions in shared hope and celebration,” Mahmoud Ali Youssouf said. The AU Commission Chairperson noted that the FIFA World Cup remains a unique global event that brings nations and people together through sport, describing it as a platform where “the world meets in peace through sport.” He further emphasized that African football represents the strength, ambition, and promise of the continent’s youth, stating that the teams competing in the tournament carry not only the expectations of their respective nations but also the aspirations of an entire generation of Africans. The African Union also commended the commitment and hard work of the players, coaches, officials, and supporters whose efforts made the continent’s historic participation possible. It encouraged Africa’s representatives to compete with excellence, discipline, integrity, and respect for fair play throughout the tournament. Reaffirming the African Union’s full support for the continent’s teams, the AU Commission expressed hope that their performances will inspire Africans, strengthen friendship among nations, and further elevate Africa’s standing in world football."
Sport,https://www.fanabc.com/english/category/sport/,https://www.fanamc.com/english/historic-world-cup-debut-in-jeopardy-as-somali-referee-reportedly-denied-u-s-entry/,Historic World Cup Debut in Jeopardy as Somali Referee…,,,"Addis Ababa, June 8, 2026 (FMC) — Somali international referee Omar Abdulkadir Artan’s historic FIFA World Cup debut has been thrown into uncertainty after he was reportedly denied entry into the United States just days before the start of the 2026 tournament. Artan, who was selected by FIFA as one of the match officials for the World Cup, was traveling from Istanbul to Miami to attend a pre-tournament seminar for referees when he was reportedly refused entry upon arrival and subsequently returned to Istanbul. The reason for the U.S. decision has not been officially disclosed. If confirmed unable to officiate, Artan would miss the opportunity to become the first Somali referee to oversee matches at a FIFA World Cup, marking a major setback for both his career and Somali football. The 34-year-old official was named the Confederation of African Football (CAF) Men’s Referee of the Year in 2025 and has officiated at several major continental competitions, including the Africa Cup of Nations and CAF Champions League. Somali sports officials said Artan was traveling with a valid U.S. visa and a diplomatic passport issued with the assistance of Somalia’s embassy in Nairobi. They expressed concern that the reported decision could prevent him from carrying out his World Cup assignment. FIFA said it is looking into the matter, while Somali authorities have called for a resolution that would allow Artan to fulfill his duties at football’s biggest tournament. As of Monday, U.S. authorities had not publicly explained the reported denial of entry. The 2026 FIFA World Cup, co-hosted by the United States, Canada and Mexico, is scheduled to kick off this week with a record 48 teams competing across the three North American nations."
Sport,https://www.fanabc.com/english/category/sport/,https://www.fanamc.com/english/denmark-confirm-midfielder-christian-eriksen-stable-after-on-pitch-incident-against-ukraine/,Denmark Confirm Midfielder Christian Eriksen Stable After On-Pitch Incident Against Ukraine,"Jun 7, 2026","Mesafint Brlie Jun 7, 2026 0","Addis Ababa, June 7, 2026 (FMC) — Denmark have confirmed that midfielder Christian Eriksen is stable after a medical incident during an international friendly against Ukraine national football team on Sunday, in a match that was later abandoned in Odense, Reuters reported. The incident occurred in the 65th minute when Eriksen suddenly went down on the pitch after appearing to clutch his chest. Medical staff immediately entered the field as players from both sides formed a protective circle around him while treatment was administered. The match was subsequently halted and not resumed, with Denmark leading 2–1 at the time. According to Reuters, the Danish Football Association said Eriksen regained consciousness quickly and was able to leave the pitch with assistance. The statement added that he was “doing well under the circumstances” and remained under medical observation for further assessment. Team doctor Morten Boesen said Eriksen briefly lost consciousness but recovered quickly, adding that his implanted cardioverter-defibrillator (ICD), fitted after his cardiac arrest at Euro 2020, appeared to function correctly during the incident. Further medical tests are being carried out to determine the cause. The Associated Press (AP) reported that Eriksen later communicated from his medical observation, reassuring teammates that he was feeling well while undergoing routine checks. The incident revived global concern due to its similarity to Eriksen’s collapse during the 2021 European Championship, when he suffered a cardiac arrest on the pitch before being successfully resuscitated and later returning to professional football. Both Denmark and Ukraine players jointly agreed for the match to be abandoned following the medical situation."
Sport,https://www.fanabc.com/english/category/sport/,https://www.fanamc.com/english/iran-national-team-arrives-in-mexico-ahead-of-fifa-world-cup-2026/,Iran National Team Arrives in Mexico Ahead of FIFA World Cup 2026,"Jun 7, 2026","Mesafint Brlie Jun 7, 2026 0","Addis Ababa, June 7, 2026 (FMC) — Iran’s national football team has arrived in Tijuana, Mexico, ahead of the 2026 FIFA World Cup after relocating its tournament base from the United States due to visa complications affecting members of its delegation, Reuters reported. The Iranian squad landed in the Mexican border city on Sunday following a three-week training camp in Turkey. The team will use Tijuana as its base throughout the group stage, traveling into the United States for matches before returning to Mexico. According to Reuters, Iran revised its World Cup preparations after several officials and support staff were denied U.S. visas, although all players received the necessary travel documents to compete in the tournament. The relocation comes amid strained relations between Washington and Tehran, with U.S. authorities citing national security considerations in some visa decisions. The Iranian Football Federation has expressed concern over the restrictions, saying they disrupted the team’s logistical planning and preparations for the tournament. The Associated Press (AP) reported that Iran captain Ehsan Hajsafi described the visa delays as a setback but reaffirmed the squad’s determination to remain focused on its World Cup campaign. Despite the challenges, Iran has continued its preparations and will commute from Tijuana to the United States for each of its group-stage fixtures. Reuters said FIFA approved the team’s arrangement to base itself in Mexico for the duration of the group stage. Iran will begin its FIFA World Cup campaign against New Zealand on June 15, before taking on Belgium on June 21 and Egypt on June 26. The 2026 FIFA World Cup, to be jointly hosted by the United States, Mexico and Canada, will kick off on June 11, marking the first edition of the tournament to feature 48 teams competing across three host nations."
Sport,https://www.fanabc.com/english/category/sport/,https://www.fanamc.com/english/iran-granted-u-s-visas-ahead-of-fifa-world-cup-campaign/,Iran Granted U.S. Visas Ahead of FIFA World Cup Campaign,"Jun 5, 2026","Mesafint Brlie Jun 5, 2026 0","Addis Ababa, June 5, 2026 (FMC) — Iran’s national football team has been granted U.S. visas ahead of the 2026 FIFA World Cup, Reuters reported on Friday, citing a White House official, clearing a major hurdle that had cast uncertainty over the squad’s participation in the tournament. The visas were issued overnight, just days before Iran’s opening Group G match against New Zealand in Los Angeles, bringing an end to concerns over whether the team would be able to enter the United States in time for the competition. The development follows reports from Iranian officials that the squad had yet to receive the necessary travel documents despite the tournament approaching rapidly. The delay had raised questions about the team’s preparations and logistical arrangements ahead of the World Cup. Amid the uncertainty, Iranian authorities opted to relocate the team’s World Cup training base from Arizona to Tijuana, Mexico. The move was linked to the prolonged visa process as well as broader political tensions between Tehran and Washington. The Iranian squad is expected to arrive in Tijuana before traveling to the United States for its scheduled fixtures. Iran will begin its World Cup campaign against New Zealand in Los Angeles on June 15 before facing Belgium in the same city. The team will then take on Egypt in Seattle as the group-stage competition continues. The visa issue had attracted considerable international attention given the strained relations between Iran and the United States. The 2026 FIFA World Cup is being jointly hosted by the United States, Canada and Mexico. According to Reuters, while U.S. authorities have allowed Iran’s national team to participate in the tournament, restrictions are expected to apply to certain individuals associated with Iran’s Revolutionary Guards who may seek to join the broader delegation. The approval of the visas removes a key obstacle for Team Melli and allows the squad to proceed with its final preparations for the world’s biggest football tournament. The 2026 FIFA World Cup is set to be the largest edition of the tournament in history, featuring 48 national teams for the first time, up from the previous 32-team format. The expanded competition will see teams compete across multiple host cities in the United States, Canada and Mexico. The tournament will officially kick off on June 11 in Mexico City, with matches scheduled to be played in 16 host cities across the three North American nations. The final is set to take place on July 19 at MetLife Stadium in the New York metropolitan area. With only days remaining before the opening match, participating teams are finalizing preparations, training camps and travel arrangements as they gear up for football’s premier global event, which is expected to attract millions of spectators and a worldwide television audience numbering in the billions."
Sport,https://www.fanabc.com/english/category/sport/,https://www.fanamc.com/english/selemon-barega-retains-great-manchester-run-title-with-commanding-victory/,Selemon Barega Retains Great Manchester Run Title with Commanding Victory,"May 31, 2026","Mesafint Brlie May 31, 2026 0","Addis Ababa, May 31, 2026 (FMC) — Ethiopian distance-running star Selemon Barega successfully defended his AJ Bell Great Manchester Run crown on Sunday, winning the elite men’s 10km race in 27 minutes and 37 seconds. Barega surged clear in the closing stages to secure back-to-back victories in Manchester, improving on the 27:49 mark he posted to win the event in 2025. Uruguay’s Santiago Catrofe finished second in 27:39, just two seconds behind the Ethiopian, while Uganda’s Oscar Chelimo completed the podium in 27:42 after a tightly contested race among the leading trio. American runner Morgan Beadlescomb placed fourth in 27:45, followed by Kenya’s Vincent Ngetich in fifth with 27:49. Ethiopia was also represented in the top ten by Omar Ahmed, who finished eighth in 28:27. Barega entered the race as defending champion after claiming victory in the 2025 edition and lived up to expectations in a highly competitive international field featuring some of the world’s leading road runners. Established in 2003, the Great Manchester Run has grown into one of the world’s most prestigious road-running events. Held annually in Manchester, England, the race attracts elite athletes and tens of thousands of recreational runners from across the globe. The event is renowned for its fast course, enthusiastic crowds and strong elite fields, making it a key fixture on the international road-running calendar."
Sport,https://www.fanabc.com/english/category/sport/,https://www.fanamc.com/english/mexicos-claudia-sheinbaum-says-country-ready-to-host-iran-during-2026-world-cup/,Mexico’s Claudia Sheinbaum Says Country Ready to Host Iran During 2026 World Cup,"May 26, 2026","Mesafint Brlie May 26, 2026 0","Addis Ababa, May 25, 2026 (FMC) — Mexico has expressed readiness to host Iran’s national football team during the 2026 FIFA World Cup should FIFA approve any adjustments to the current tournament arrangements, according to remarks by Mexican President Claudia Sheinbaum cited by Reuters. The development comes amid ongoing discussions surrounding Iran’s participation in the global football tournament, which will be jointly hosted by the United States, Canada and Mexico.  Sheinbaum stated that Mexico is prepared to support FIFA by accommodating Iran’s matches if changes are made to the original schedule, while stressing that the final decision rests solely with world football’s governing body. Iran’s football federation had earlier requested that its World Cup fixtures be moved away from the United States, citing security and logistical concerns linked to rising geopolitical tensions. The request reportedly prompted discussions within FIFA regarding possible alternatives, including the potential relocation of some activities to Mexico. However, FIFA has not announced any official changes to the tournament schedule, and Iran’s group-stage matches are still expected to take place in the United States under the current arrangement. Reports indicate that Mexico could instead serve as a base for training camps or logistical operations related to the Iranian national team during the tournament. The 2026 FIFA World Cup, scheduled to kick off on June 11, will mark the first edition of the competition to be hosted by three countries and is expected to be the largest tournament in FIFA history."
Sport,https://www.fanabc.com/english/category/sport/,https://www.fanamc.com/english/ethiopia-dominates-cape-town-marathon-as-mohamed-esa-sets-historic-course-record/,Ethiopia Dominates Cape Town Marathon as Mohamed Esa Sets Historic Course Record,"May 25, 2026","Mesafint Brlie May 25, 2026 0","Addis Ababa, May 25, 2026 (FMC) — Ethiopian athletes delivered a commanding performance at the Cape Town Marathon in South Africa on Sunday, with Mohamed Esa winning the men’s race in a historic course-record time of 2:04:55. Esa’s victory marked the fastest marathon ever run on African soil. The Ethiopian runner finished ahead of compatriot Yihunilign Adane, who clocked 2:04:59, while Kenya’s Kalipus Lomwai came third in 2:05:06. The race also featured Kenyan marathon legend , who finished 16th. Speaking after the race, Esa expressed delight over the achievement and said competing in Africa made the victory even more special. “I am very happy to run in Africa. The course is very nice and the support was very good,” he said, describing Kipchoge as his role model. Ethiopia also dominated the women’s race, with Dera Dida Yami securing victory in 2:23:18. Fellow Ethiopians Mestawut Fikir and Waganesh Mekasha completed an all-Ethiopian podium by finishing second and third respectively. Organizers say the event is expected to play a decisive role in Cape Town’s bid to join the prestigious World Marathon Majors in 2027 alongside races in London, New York, Boston, Chicago, Berlin, Sydney and Tokyo. Meanwhile, Ethiopian athletes also produced impressive results at the Shanghai/Keqiao Diamond League in China over the weekend. Birke Haylom clinched victory in the women’s 1500 meters with a world-leading and meeting-record performance, further cementing Ethiopia’s growing strength in middle-distance events. In the men’s 5000 meters, Ethiopia’s Yihune Addisu secured first place with a world-leading time of 12:57.32, adding another major international triumph for Ethiopian athletics this weekend."
Sport,https://www.fanabc.com/english/category/sport/,https://www.fanamc.com/english/ebola-outbreak-forces-dr-congo-to-relocate-world-cup-preparations/,Ebola Outbreak Forces DR Congo to Relocate World Cup Preparations,"May 21, 2026","Mesafint Brlie May 21, 2026 0","Addis Ababa, May 21, 2026 (FMC) — The Democratic Republic of Congo national football team has relocated a planned pre-World Cup training camp from Kinshasa to Belgium amid growing concerns over the Ebola outbreak affecting parts of the Central African nation. The training camp, initially scheduled to run for three days in the Congolese capital, was moved to Belgium, a team official confirmed, according to AFP. While the official did not directly attribute the decision to the Ebola outbreak, he noted that no domestically based players had been included in the national squad. The latest Ebola outbreak, declared in eastern DR Congo last Friday, marks the country’s 17th outbreak of the deadly haemorrhagic fever. Health authorities suspect the outbreak has already claimed 139 lives from around 600 probable cases. DR Congo secured qualification for the FIFA World Cup for only the second time in the nation’s history, having previously appeared at the tournament in 1974 when the country competed as Zaire. The team is expected to base its World Cup preparations in Houston during the tournament, which will be jointly hosted by the United States, Mexico and Canada. DR Congo are scheduled to open their Group K campaign against Portugal on June 17 before facing Colombia in Guadalajara on June 24 and Uzbekistan in Atlanta on June 28. Meanwhile, a US official said on Tuesday that the Congolese national team would still be permitted to travel for the tournament despite recently imposed health-related travel restrictions linked to the Ebola outbreak. The United States has temporarily barred non-American travelers who have recently been in DR Congo, Uganda or South Sudan within the previous 21 days. However, officials indicated the Congolese squad had already been training in Europe and would therefore likely not be affected by the restrictions, Reuters reported."
Sport,https://www.fanabc.com/english/category/sport/,https://www.fanamc.com/english/strong-finish-for-ethiopia-as-team-secures-15-medals-at-continental-athletics-championships/,Strong Finish for Ethiopia as Team Secures 15 Medals at Continental Athletics Championships,"May 18, 2026","Mesafint Brlie May 18, 2026 0","Addis Ababa, May 17, 2026 (FMC) — Ethiopia concluded its participation at the 24th CAA African Senior Athletics Championships – Accra 2026 with a total of 15 medals, marking a strong finish and reaffirming its continued presence in continental athletics. The championship, held in Accra, Ghana from May 12 to 17 at the University of Ghana Stadium, brought together elite athletes from across the continent for one of Africa’s premier athletics competitions. Ethiopia secured five gold medals through Ajaiba Alyu, Mesgana Hailu, Gemechu Godana, Mesganaw Waquma, and Woubalem Shigute, who delivered outstanding performances in their respective events. The country also claimed silver medals in the women’s 4×400 meters relay through Otage Obang, Mubin Haji, and Hagos Eyob in individual and team events. Bronze medals were earned by Almaz, Samuel Frew, Ziyin Ayelign, Betselot Alemayehu, Asefu Abraha, and Abdulselam Abdulwahib. Ethiopia was represented by a 63-member delegation comprising 32 women and 31 men. The result once again highlights Ethiopia’s consistency and competitiveness in African athletics championships, the Ethiopian Athletics Federation said, following the outcome."
Sport,https://www.fanabc.com/english/category/sport/,https://www.fanamc.com/english/fifa-president-gianni-infantino-extends-best-wishes-to-iran-ahead-of-2026-world-cup/,FIFA President Gianni Infantino Extends Best Wishes to Iran Ahead of 2026 World Cup,"May 11, 2026","Mesafint Brlie May 11, 2026 0","Addis Ababa, May 10, 2026 (FMC) — FIFA President Gianni Infantino has extended his best wishes to Iran’s national football team ahead of the 2026 FIFA World Cup, reaffirming the country’s participation in the tournament amid ongoing geopolitical tensions. In a message shared on Sunday, Infantino wished “the very best” to Iran as the national team prepares for its World Cup campaign. The remarks were circulated through social media and regional media outlets. The message comes as discussions continue over logistical and political concerns surrounding Iran’s participation in the tournament, which will be jointly hosted by the United States, Canada, and Mexico. Infantino has previously reiterated FIFA’s position that Iran will take part in the 2026 World Cup despite ongoing diplomatic and security-related concerns involving travel arrangements and hosting conditions. Iranian football authorities have reportedly sought additional assurances regarding the treatment of players, officials, and supporters during the tournament. The 2026 FIFA World Cup will be the first edition featuring 48 teams."
Sport,https://www.fanabc.com/english/category/sport/,https://www.fanamc.com/english/olympic-champion-selemon-barega-headlines-elite-field-for-2026-great-manchester-run/,Olympic Champion Selemon Barega Headlines Elite Field for 2026 Great Manchester Run,"May 7, 2026","Mesafint Brlie May 7, 2026 0","Addis Ababa, May 7, 2026 (FMC) — Olympic 10,000m champion Selemon Barega of Ethiopia is set to lead the elite men’s field at this year’s AJ Bell Great Manchester Run, with a strong international lineup confirmed for the May 31 event. Barega, who won the Manchester 10K title last year in a record time of 27:49, returns as one of the leading contenders in the men’s race. The Ethiopian star will line up against Uruguay’s Santiago Catrofe and Kenya’s Vincent Ngetich, both of whom have previously featured among the top finishers in major road races. The men’s elite field also includes Japan’s Shota Nishiwaki, Australia’s Brett Robinson, and a strong British contingent featuring Ben Connor, Scott Stirling, Nick Griggs, Matthew Clowes, and Jack Gray. In the women’s elite race, Kenya’s Sheila Chepkirui and Sharon Lokedi headline the field, alongside Germany’s Konstanze Klosterhalfen and USA’s Weini Kelati. The British challenge is led by Verity Ockenden, Lily Partridge, Clara Evans, and Jess Piasecki. The 2026 edition of the Great Manchester Run is expected to attract a high-calibre international field across both men’s and women’s categories, reinforcing its status as one of the UK’s leading road running events."
Africa,https://www.fanabc.com/english/category/africa/,https://www.fanamc.com/english/uneca-executive-secretary-says-africa-has-resources-and-talent-but-needs-effective-execution-to-achieve-growth/,UNECA Executive Secretary Says Africa Has Resources and Talent but Needs Effective Execution to Achieve Growth,"Jun 11, 2026","Mesafint Brlie Jun 11, 2026","Addis Ababa, June 11, 2026 (FMC) – The United Nations Economic Commission for Africa (UNECA) has emphasized that Africa already possesses the resources, talent, and ideas needed for transformation, but must strengthen execution and implementation capacity to achieve sustained and job-rich growth. Delivering remarks at the opening of the inaugural Africa Development Impact Forum in Addis Ababa, UNECA Executive Secretary Claver Gatete said the continent’s development challenge is no longer a lack of solutions, but the limited ability to scale and implement proven ones.  He stressed that Africa must move decisively from policy formulation to execution in order to convert development strategies into measurable outcomes that benefit citizens across the continent. Gatete noted that Africa is operating in a rapidly changing global environment characterized by climate shocks, geopolitical tensions, rising debt vulnerabilities, disruptions in global supply chains, and accelerated technological change driven by artificial intelligence, which is reshaping industries and labour markets. He also pointed to declining official development assistance and tightening global financing conditions, warning that African countries can no longer rely on traditional external funding models and must instead prioritize domestic resource mobilization, investment attraction, and industrial development. Despite these challenges, he underscored Africa’s strong demographic position, noting that more than 60 percent of the population is under the age of 25, with over 15 million young people entering the labour market each year. However, he expressed concern over persistent youth unemployment and informality, citing International Labour Organization estimates that 53 million young Africans were not in employment, education, or training in 2023. Gatete said Africa’s structural challenge lies in ensuring that this demographic advantage translates into productive employment and inclusive economic growth. He highlighted that the continent also holds significant opportunities, including abundant natural resources, a rapidly expanding digital economy, growing urban markets, and the African Continental Free Trade Area (AfCFTA), which he said could increase intra-African trade by up to 45 percent by 2045. According to him, Africa already has successful development models across different countries, but the key issue remains their replication and scaling at continental level. He cited examples including industrial development in Ethiopia, Kenya’s digital economy, Rwanda’s entrepreneurship ecosystem, Egypt’s manufacturing base, and Morocco’s automotive sector as evidence that viable solutions already exist within the continent. Gatete explained that the Africa Development Impact Forum was established to bridge the gap between evidence and implementation by linking research, policy, investment, and enterprise development into a coordinated framework focused on measurable impact. He outlined five priority areas for job-rich growth: strengthening skills development, scaling enterprises beyond survival, accelerating industrialization and value addition, leveraging AfCFTA for regional value chains, and reinforcing implementation capacity and accountability. He stressed that without effective execution, even well-designed policies risk failing to deliver meaningful results. Over the next two days, the forum will feature thematic discussions, innovation showcases, and collaborative sessions aimed at identifying scalable solutions for job creation and inclusive development. Gatete concluded by urging African stakeholders to focus on execution, saying the continent already has the resources, talent, and ideas needed to transform its economic trajectory. By Mesafint Brlie"
Africa,https://www.fanabc.com/english/category/africa/,https://www.fanamc.com/english/uneca-africa-development-impact-forum-opens-in-addis-ababa-focuses-on-bridging-policy-and-implementation-gap/,"UNECA Africa Development Impact Forum Opens in Addis Ababa, Focuses on Bridging Policy and…","Jun 11, 2026","Mesafint Brlie Jun 11, 2026","Addis Ababa, June 11, 2026 (FMC) – The Africa Development Impact Forum (ADIF) organized by the United Nations Economic Commission for Africa (UNECA) opened this morning in Addis Ababa, bringing together policymakers, development partners, private sector actors, researchers, and youth representatives from across the continent. The two-day forum, being held at the United Nations Conference Centre, is convened under the theme “Best Practices and Innovation for Job Creation in Africa.” The gathering aims to address Africa’s long-standing challenge of translating policy frameworks and development strategies into concrete and scalable outcomes, with a particular focus on employment creation and inclusive growth. UNECA officials noted at the opening session that while Africa continues to generate ambitious development agendas, implementation gaps remain a major constraint to achieving sustained impact. The forum is expected to serve as a practical platform to move beyond discussion toward actionable solutions. Participants are engaging in high-level dialogues, technical sessions, and collaborative workshops designed to identify scalable models, strengthen policy implementation mechanisms, and promote innovation-driven development approaches. Key areas of focus include leveraging artificial intelligence, advancing green growth opportunities, and expanding youth entrepreneurship as a driver of job creation across the continent. UNECA emphasized that the forum is structured as an ongoing process rather than a standalone event, with outcomes expected to feed into follow-up mechanisms aimed at tracking progress and ensuring real-world impact. The opening of the forum marks the beginning of two days of deliberations expected to shape recommendations for strengthening Africa’s implementation capacity in development policy."
Africa,https://www.fanabc.com/english/category/africa/,https://www.fanamc.com/english/sudan-peace-process-moves-forward-following-quintet-led-consultations-in-addis-ababa/,Sudan Peace Process Moves Forward Following Quintet-Led…,,,"Addis Ababa, June 8, 2026 (FMC) — Efforts to advance Sudan’s political transition process have moved forward following a series of consultations held in Addis Ababa between June 3 and 5, 2026, involving Sudanese political and civil stakeholders under the facilitation of the Quintet mechanism. The Quintet—comprising the African Union, Intergovernmental Authority on Development (IGAD), United Nations, European Union, and League of Arab States—said the consultations form part of ongoing efforts to support a Sudanese-led and Sudanese-owned political process aimed at ending the conflict in Sudan and paving the way for inclusive national dialogue. According to a joint statement, the Addis Ababa discussions brought together a wide range of Sudanese political actors, civil society representatives, women’s groups, youth participants and community stakeholders to exchange views on priorities and parameters for a future civilian-led dialogue. The Quintet said participants also discussed possible mechanisms for establishing a preparatory structure to guide the next phase of the political process, with written contributions submitted as part of the consultations. The statement noted that the engagements build on previous international efforts, including the Berlin Conference held in April 2026, as part of coordinated initiatives to support a structured and inclusive political framework for Sudan. The Quintet reaffirmed its commitment to supporting a comprehensive and peaceful political settlement led by Sudanese stakeholders, while emphasizing respect for Sudan’s sovereignty, unity and territorial integrity. It further underscored the importance of continued coordination among international and regional partners in creating conditions conducive to sustained dialogue among Sudanese parties. The Addis Ababa consultations are part of broader diplomatic efforts to facilitate a roadmap toward a civilian political process, as Sudan continues to face an ongoing conflict that began in 2023."
Africa,https://www.fanabc.com/english/category/africa/,https://www.fanamc.com/english/african-union-calls-for-restraint-and-dialogue-amid-security-developments-in-mogadishu/,AU Commission Calls for Restraint and Dialogue Amid…,,,"Addis Ababa, June 4, 2026 (FMC) — The African Union Commission has called for utmost restraint following reported security developments in Mogadishu, Somalia, including armed clashes in civilian areas. In a statement issued today, the Commission expressed deep concern over the situation and urged all parties to immediately halt the fighting, exercise maximum restraint, protect civilians, and refrain from any actions that could further escalate tensions. The African Union also called on Somali stakeholders to resolve differences through dialogue and established constitutional processes, emphasizing the importance of political engagement as the basis for stability and national cohesion.  The Commission encouraged the continued efforts of Hassan Sheikh Mohamud, President of the Federal Republic of Somalia, alongside all political actors, in advancing national dialogue, reconciliation, and consensus-building aimed at strengthening political stability. It further stated that the African Union will continue to closely monitor developments and reaffirmed its readiness, through the African Union Support and Stabilization Mission in Somalia (AUSSOM), to provide continued support toward the restoration of peace and security in Somalia."
Africa,https://www.fanabc.com/english/category/africa/,https://www.fanamc.com/english/igad-calls-for-immediate-de-escalation-amid-rising-tensions-in-somalia/,IGAD Calls for Immediate De-escalation Amid Rising Tensions in Somalia,"Jun 4, 2026","Mesafint Brlie Jun 4, 2026 0","Addis Ababa, June 4, 2026 (FMC) — The Intergovernmental Authority on Development (IGAD) has expressed deep concern over reports of violence in Mogadishu amid heightened political tensions in Somalia, calling for immediate restraint and renewed dialogue among all parties. In a statement issued this morning, IGAD condemned all acts of violence and urged stakeholders to exercise maximum restraint, de-escalate tensions, and pursue differences through peaceful, inclusive, and constructive engagement. “At this critical moment, preserving peace, stability, national unity, and the gains made in Somalia’s state-building efforts is of paramount importance. IGAD urges all stakeholders to place the interests of the Somali people first and to pursue peaceful solutions through dialogue and consensus,” said IGAD Executive Secretary Workneh Gebeyehu. The regional bloc emphasized that Somalia, as a founding member of the regional bloc, remains central to peace, security, and development in the Horn of Africa. The organization reaffirmed its solidarity with Somalia and its readiness to support efforts aimed at advancing dialogue, national cohesion, and lasting stability."
Africa,https://www.fanabc.com/english/category/africa/,https://www.fanamc.com/english/au-leaders-call-for-stronger-unity-economic-integration-and-global-governance-reform/,"AU Leaders Call for Stronger Unity, Economic Integration and Global Governance Reform","May 26, 2026","Mesafint Brlie May 26, 2026 0","Addis Ababa, May 26, 2026 (FMC) – African leaders have called for stronger continental unity, faster economic integration, and urgent reforms to global governance systems as Africa marked the 2026 Africa Day. The message was delivered by the Chairperson of the African Union Commission, Mahmoud Ali Youssouf, alongside the Chairperson of the African Union and President of Burundi, Évariste Ndayishimiye, marking 63 years since the founding of the Organization of African Unity, the precursor to the African Union. This year’s commemoration is observed under a theme centered on unity, integration, and development across the continent. Youssouf said Africa’s global standing continues to grow, pointing to its recent inclusion as a permanent member of the G20 as a significant milestone, while stressing that international governance structures remain outdated and require urgent reform, particularly the United Nations Security Council, which he said does not reflect current global realities or Africa’s position in the world. He also highlighted increasing international discussions on historical injustices linked to slavery and colonialism, commending African-led efforts, including Ghana’s role at the United Nations General Assembly, in advancing the global reparations agenda. President Ndayishimiye, for his part, drew attention to ongoing challenges across the continent, including armed conflict, terrorism, climate-related disasters, and forced displacement, warning that such crises continue to undermine development progress and disproportionately affect vulnerable populations. He emphasized the need to prioritize education, particularly for children in refugee and internally displaced settings, saying that failure to invest in education today would compromise Africa’s future, and called for stronger continental cooperation in addressing terrorism, stressing that no African country should be left alone in confronting such threats. Both leaders reaffirmed their commitment to the African Continental Free Trade Area, describing it as a key instrument for boosting intra-African trade, supporting industrialization, and creating jobs for the continent’s growing youth population, while urging African states to strengthen unity and align economic policies with shared continental interests rather than narrow national priorities. They further underscored the importance of water security and sanitation as central to achieving the African Union’s 2026 theme and the broader Agenda 2063 development framework, noting that access to clean water, climate resilience, and public health remain critical challenges requiring coordinated continental action. The leaders also highlighted Africa’s growing global presence, including a record nine African teams qualifying for the upcoming FIFA World Cup, describing it as a reflection of the continent’s youthful energy and expanding talent base. They concluded by calling for continued solidarity among African states and partners, reaffirming commitment to a united and self-reliant continent, while the AU Commission Chairperson invoked the spirit of Ubuntu, urging Africans to embrace collective progress under the principle that “I am because we are.”"
Africa,https://www.fanabc.com/english/category/africa/,https://www.fanamc.com/english/global-shift-toward-multipolarity-elevates-africas-role-in-international-system/,Global Shift Toward Multipolarity Elevates Africa’s Role in International System,"May 26, 2026","Mesafint Brlie May 26, 2026 0","Addis Ababa, May 25, 2026 (FMC) — RT Editor-in-Chief and Rossiya Segodnya International Media Group head Margarita Simonyan has said that Africa’s growing influence in global affairs reflects a broader shift toward a multipolar international system.  In an article marking Africa Day, Simonyan highlighted Africa’s expanding role in shaping global economic, political, and cultural dynamics, noting that the continent’s voice is increasingly being heard across international platforms. She pointed to developments in digital innovation, mobile technology, cultural industries, and regional economic integration, including the African Continental Free Trade Area (AfCFTA), which she described as the world’s largest free trade zone. According to her, Africa’s increasing autonomy in defining its international relations signals a shift away from dominance by traditional global powers and contributes to what she described as a more balanced and stable international order. Simonyan also underscored the importance of international media cooperation in amplifying African perspectives, citing RT’s involvement in African media initiatives, including co-hosting the African Media Awards in December 2025. She said such initiatives aim to promote media excellence, expand storytelling platforms, and ensure greater visibility for African narratives in global media spaces. The RT Editor-in-Chief further noted expanding Russia-Africa cooperation in areas such as trade, energy, security, culture, and space exploration, referencing multilateral frameworks including BRICS+ and Russia-Africa summits held in 2019 in Sochi and 2023 in Saint Petersburg, with another summit expected later this year in Moscow. She added that RT has increasingly focused on showcasing African perspectives through multilingual broadcasting and programming dedicated to the continent’s political, cultural, and historical themes. Simonyan cited programs such as “Lumumba’s Africa” , hosted by Kenyan academic P.L.O. Lumumba, and “African Legacy” , which highlights key figures in Africa’s liberation history and their contributions to unity and development. She concluded that strengthening media diversity and expanding international cooperation are essential components of what she described as an evolving multipolar world order in which Africa plays an increasingly central role."
Africa,https://www.fanabc.com/english/category/africa/,https://www.fanamc.com/english/africa-day-from-liberation-roots-to-a-continental-future-of-shared-destiny/,Africa Day: From Liberation Roots to a Continental Future of Shared Destiny,"May 25, 2026","Mesafint Brlie May 25, 2026 0","Addis Ababa, May 25, 2026 (FMC) — Africa Day, observed annually on May 25, stands as one of the continent’s most symbolic milestones, marking not only the founding of the Organization of African Unity (OAU) in 1963 but also the enduring journey of African solidarity, resilience, and transformation. The story of Africa Day begins in Addis Ababa, Ethiopia, where, in 1963, 32 newly independent African states gathered with a shared determination to chart a new course for a continent emerging from centuries of colonial rule. At a time when large parts of Africa were still under foreign domination, the leaders who assembled in the Ethiopian capital carried a powerful conviction—that only through unity could Africa secure its freedom, dignity, and future. It was in this historic moment that the Organization of African Unity was born, anchored on the principles of solidarity, the elimination of colonialism and apartheid, the defense of sovereignty, and mutual support among African nations. The founding of the OAU was more than a diplomatic achievement; it was a declaration of African agency rooted in the ideals of Pan-Africanism and a collective commitment to self-determination. This moment was significant because it represented the institutional expression of Pan-Africanism as a political force. At its core, Pan-Africanism holds that the freedom and progress of African peoples are inseparable from their unity, transcending colonial borders and historical fragmentation. While the ideology had existed for decades as an intellectual and liberation movement, the formation of the OAU marked its translation into a continental framework of action. Despite challenges, differences in national interests, and evolving political realities over time, Pan-Africanism has remained the underlying philosophy guiding Africa’s pursuit of solidarity, independence, and collective development. Ethiopia’s role in this defining chapter of history was both symbolic and foundational. As a nation that had largely preserved its independence during the colonial era, Ethiopia embodied the ideals of African resilience and sovereignty. Under the leadership of Emperor Haile Selassie I, Addis Ababa was not only the host city but also became the political and diplomatic center of a rising continental consciousness. This legacy continues today, as the city remains the headquarters of the African Union, carrying forward the same spirit that shaped its origins. Importantly, Ethiopia’s role has also reflected a continuous commitment over decades—not only as the birthplace of continental unity in its institutional form, but as its enduring host and facilitator, sustaining Addis Ababa’s position as the diplomatic capital of Africa across successive generations and through the transition from the OAU to the African Union. Over the decades, the OAU evolved in response to Africa’s changing realities. In 2002, it was transformed into the African Union, reflecting a broader and more ambitious agenda that extended beyond liberation to include integration, governance, peacebuilding, and socio-economic development. Today, the AU represents a continent striving to define its place in a rapidly changing global order, guided by long-term aspirations such as Agenda 2063—the vision of “The Africa We Want.” In the present era, Africa is no longer defined solely by its liberation struggles but by its pursuit of economic transformation, technological innovation, and regional integration. Initiatives such as the African Continental Free Trade Area (AfCFTA) are reshaping the continent’s economic landscape by creating one of the world’s largest single markets, aimed at boosting intra-African trade and industrial growth. Across the continent, cities are emerging as centers of innovation, while youth-driven entrepreneurship and digital transformation continue to redefine Africa’s development trajectory. Yet, despite these significant strides, the continent continues to face complex challenges, including conflict, climate change, inequality, and unemployment. These realities underscore that Africa’s journey is ongoing, requiring sustained commitment, cooperation, and resilience from its nations and institutions. Within this broader continental narrative, Ethiopia continues to hold a unique and influential position. As the host of both the historic OAU founding and the present-day African Union headquarters, Addis Ababa remains widely regarded as the diplomatic capital of Africa. Beyond its symbolic importance, Ethiopia also plays an active role in peacekeeping, regional diplomacy, and multilateral cooperation, reinforcing its long-standing contribution to continental stability and unity. This role reflects not only historical significance but also a sustained and active engagement in African affairs, where Ethiopia continues to contribute to shaping dialogue, fostering cooperation, and supporting continental initiatives. From its origins in the liberation struggles of the 20th century to its present-day ambitions for integration and prosperity, Africa Day reflects a journey defined by continuity and change. What began as a movement for political freedom has evolved into a broader pursuit of economic independence, institutional strength, and sustainable development. Yet, the underlying principle remains unchanged: Africa’s strength lies in its unity. Africa Day therefore stands not only as a commemoration of history but as a living reminder of a shared destiny—linking the vision of the founding generation with the aspirations of today’s and future generations. As the continent reflects on its progress, Africa Day continues to embody both pride and purpose, celebrating how far Africa has come while reaffirming the collective commitment to building a peaceful, integrated, and prosperous future. Marking the occasion, African Union Champion for Artificial Intelligence and Digital Health and Ethiopian Prime Minister Abiy Ahmed noted that 63 years ago African forefathers gathered in Addis Ababa with a shared dream of a free and united Africa, a dream he said continues to burn brightly today. He emphasized Ethiopia’s role as the proud home of the African Union standing shoulder to shoulder with other African nations in the spirit of unity, while calling for a shift “from words to action, from promises to progress,” underscoring that Africa’s greatest resource remains its people and that together, “we rise.”"
Africa,https://www.fanabc.com/english/category/africa/,https://www.fanamc.com/english/dr-congo-races-to-contain-ebola-outbreak-as-death-toll-climbs-to-136/,DR Congo Races to Contain Ebola Outbreak as Death Toll Climbs to 136,"May 20, 2026","Mesafint Brlie May 20, 2026 0","Addis Ababa, May 20, 2026 (FMC) – The Democratic Republic of the Congo (DRC) is intensifying efforts to contain a fresh Ebola outbreak in the country’s eastern Ituri province after the death toll linked to the epidemic rose to 136 amid growing regional concern over the spread of the virus. DRC Health Minister Roger Kamba said 543 suspected cases have so far been recorded, including 32 laboratory-confirmed infections, following the official declaration of the outbreak on May 15. Authorities said investigations are ongoing to determine how many of the deaths were directly caused by Ebola, while health experts have yet to identify the index case behind the outbreak. According to Congolese health officials, genome sequencing indicates the virus likely originated from a new forest-based transmission rather than the resurgence of an older infection chain. The outbreak has been linked to the Bundibugyo strain of Ebola virus, a relatively rare variant first identified in Uganda in 2007 before later emerging in the DRC in 2012. Officials have also raised concerns over the absence of a specific vaccine and treatment for the strain, although the DRC says its extensive experience in managing previous Ebola outbreaks will support response efforts focused on rapid detection, patient isolation, protection of health workers, and safe burial procedures. The World Health Organization and the Africa Centres for Disease Control and Prevention are currently reviewing several vaccine candidates, including the Ervebo vaccine, which could potentially provide limited cross-protection against the Bundibugyo strain. The outbreak is unfolding in a fragile humanitarian and security environment already affected by armed conflict, displacement, and weak healthcare infrastructure in eastern DRC. Confirmed cases have also been reported in Goma and Butembo in North Kivu province, raising fears of wider regional transmission. Ugandan authorities have already confirmed imported Ebola cases linked to the outbreak, including one death in Kampala. Neighboring countries including Rwanda, Burundi, and Tanzania have strengthened border screening, surveillance, and emergency preparedness measures in response to the escalating situation. WHO Director-General Tedros Adhanom Ghebreyesus recently declared the outbreak in the DRC and Uganda a Public Health Emergency of International Concern, citing concerns over the scale and speed of the epidemic. Africa CDC has also classified the outbreak as a Public Health Emergency of Continental Security to strengthen regional coordination and accelerate resource mobilization. Congolese authorities say emergency medical supplies are being dispatched to affected areas as additional treatment centers and laboratory networks are expanded to support the national response, according to Xinhua News Agency."
Africa,https://www.fanabc.com/english/category/africa/,https://www.fanamc.com/english/africa-must-shape-global-solutions-not-remain-a-passive-actor-au-commission-chair/,"Africa Must Shape Global Solutions, Not Remain a Passive Actor — AU Commission Chair","May 20, 2026","Mesafint Brlie May 20, 2026 0","Addis Ababa, May 20, 2026 (FMC) – The Chairperson of the African Union Commission, Mahmoud Ali Youssouf , this morning officially opened a closed-door consultation bringing together Special Representatives, High Representatives, and Permanent Representatives of the Chairperson ahead of a key continental peace and security retreat. The consultation precedes the 17th High-Level Retreat of the Chairperson on the Promotion of Peace, Security and Stability in Africa, scheduled to be held in Libreville, Gabon. In his opening remarks, Youssouf stressed that Africa must not remain a passive actor in international relations, but should instead position itself as a strategic force shaping solutions to both continental and global crises. He underscored that the current global environment—marked by geopolitical fragmentation, intensifying strategic competition, and weakening multilateralism—makes it imperative for the African Union to strengthen its political presence both on the ground and within multilateral platforms. The Chairperson called for stronger regional strategic frameworks, enhanced preventive diplomacy, and deeper coordination with the African Union Peace and Security Council . He also urged better alignment of African diplomatic engagement across major global hubs, including Brussels, Geneva, New York, Beijing, and Cairo, where the AU maintains representation. Despite financial constraints facing the Union, he reaffirmed the AU’s commitment to advancing peace, stability, and the “Silencing the Guns” initiative, while ensuring Africa speaks with a unified and stronger voice on the global stage. The three-day retreat will also feature participation from the AU Panel of the Wise, alongside a dedicated session with representatives of the United Nations Secretary-General focusing on African peace and security cooperation."
Africa,https://www.fanabc.com/english/category/africa/,https://www.fanamc.com/english/au-calls-for-stronger-continental-response-to-ebola-outbreaks-in-drc-and-uganda/,AU Calls for Stronger Continental Response to Ebola Outbreaks in DRC and Uganda,"May 18, 2026","Mesafint Brlie May 18, 2026 0","Addis Ababa, May 18, 2026 (FMC) — African Union Commission Chairperson Mahmoud Ali Youssouf has expressed deep concern over the Ebola Virus Disease (EVD) outbreaks declared in the Democratic Republic of the Congo and Uganda, warning of the growing risk of regional spread across the continent. In a press statement issued today, the Chairperson commended the governments of the Democratic Republic of the Congo and Uganda, as well as national health authorities and frontline workers, for their swift response and continued efforts to contain the outbreaks under challenging circumstances. He also welcomed preparedness measures being undertaken by neighboring countries, particularly South Sudan. “The African Union stands in full solidarity with the peoples and governments of the Democratic Republic of the Congo and Uganda at this critical time,” Mahmoud Ali Youssouf said, noting that Africa has previously overcome major public health challenges through unity, coordination, and collective action. The Chairperson stated that the African Union fully supports the leadership role of the Africa Centres for Disease Control and Prevention (Africa CDC) in coordinating a continental response in close collaboration with Member States, the World Health Organization, humanitarian partners, donors, and other relevant stakeholders. He stressed that protecting African lives and safeguarding continental health security remain top priorities, while calling on Member States and partners to intensify support for preparedness, surveillance, and rapid response efforts in affected and at-risk countries. The African Union also reaffirmed its commitment to strengthening Africa’s public health security and enhancing the continent’s preparedness and response mechanisms."
Africa,https://www.fanabc.com/english/category/africa/,https://www.fanamc.com/english/africas-security-and-global-inequality-take-center-stage-at-au-un-annual-conference-in-addis-ababa/,Africa’s Security and Global Inequality Take Center Stage at AU–UN Annual Conference in Addis Ababa,"May 13, 2026","Mesafint Brlie May 13, 2026 0","Addis Ababa, May 13, 2026 (FMC) — The 10th African Union–United Nations Annual Conference opened on Wednesday in Addis Ababa, bringing together senior leaders from both multilateral institutions to advance cooperation on peace and security, sustainable development, and global governance reform. The meeting follows commitments made at the 9th Annual Conference held in New York in 2025, co-chaired by the United Nations Secretary-General and the Chairperson of the African Union Commission. Discussions at that session focused on crises in Sudan, Somalia, the Sahel, and the Horn of Africa, as well as financing mechanisms for African Union peace support operations.  The 2026 conference is expected to further strengthen cooperation across key areas, including conflict prevention, sustainable development under Agenda 2063, human rights, climate action, humanitarian response, African-led peace operations, and emerging priorities such as water security and sanitation in line with upcoming UN initiatives. In the opening sessions, UN Secretary-General António Guterres warned that Africa’s security challenges are closely linked to deep structural inequalities within the global system. He said the continent continues to face an “unjust” international economic architecture, highlighting the absence of permanent African representation on the UN Security Council as a critical gap with far-reaching implications. He noted that these imbalances contribute to broader systemic challenges, including debt burdens, unequal financial governance structures, and disparities in the allocation of Special Drawing Rights (SDRs). Guterres emphasized that such structural inequalities limit Africa’s ability to fully implement its development strategies and constrain efforts toward economic transformation. He further stressed that these challenges not only affect Africa’s progress but also undermine global stability, calling for reforms in international financial and political institutions to ensure greater fairness, inclusion, and effectiveness. Despite these concerns, the Secretary-General reaffirmed the United Nations’ commitment to supporting African-led peace initiatives, emphasizing that sustainable solutions require stronger governance frameworks, coordinated international cooperation, and long-term development approaches rather than fragmented responses. The Chairperson of the African Union Commission also raised concerns over financial constraints affecting the AU’s capacity to respond effectively to conflicts and sustain peace operations across the continent. He noted that persistent budgetary pressures are placing strain on Africa’s peace and security architecture, limiting the ability to deliver durable solutions to instability in various regions. He called for predictable and reliable financing mechanisms to strengthen African-led peace operations and enhance regional stability. The conference continues with renewed emphasis on strengthening AU–UN cooperation, as leaders underline that lasting peace in Africa depends not only on security interventions but also on comprehensive reforms of the global financial and governance systems."
Africa,https://www.fanabc.com/english/category/africa/,https://www.fanamc.com/english/au-commission-chairperson-warns-illicit-financial-flows-continue-to-undermine-africas-development-aspirations/,AU Commission Chairperson Warns Illicit Financial Flows Continue to Undermine Africa’s Development…,"May 12, 2026","Mesafint Brlie May 12, 2026 0","Addis Ababa, May 12, 2026 (FMC) — Chairperson of the African Union Commission, Mahmoud Ali Youssouf, has warned that illicit financial flows continue to undermine Africa’s development aspirations by depriving the continent of critical resources needed for investment and economic growth. Delivering keynote remarks during the opening session of the Africa Forward Summit in Nairobi, Kenya, the AU Commission Chairperson said the gathering comes at a defining moment for the continent and reflects a shared commitment to advancing Africa’s development priorities.  The Chairperson expressed appreciation to the Government and people of Kenya for hosting the summit, which brought together leaders including Kenyan President William Ruto, French President Emmanuel Macron, and United Nations Secretary-General António Guterres. He underscored that Africa possesses immense natural resources and a rapidly growing youthful population, describing both as critical foundations for the continent’s long-term prosperity and transformative growth. Highlighting energy as a major driver of competitiveness and industrialization, Mahmoud Ali Youssouf stressed that sustainable economic transformation across Africa will require predictable and long-term financing, much of which, he noted, already exists within the continent. On regional integration, he emphasized the importance of infrastructure development in strengthening regional connectivity, enhancing value chains and supply chains, and unlocking the full potential of continental integration efforts. Echoing remarks made by President William Ruto, the Chairperson said Africa’s progress depends on policy coordination, collective action, and sustained commitment from member states. He further stressed that peace and security remain essential foundations for development, stability, and prosperity across the continent. Concluding his remarks, Mahmoud Ali Youssouf expressed confidence in Africa’s future, stating that the continent is well-positioned to emerge as a major global growth powerhouse in the coming decades."
Africa,https://www.fanabc.com/english/category/africa/,https://www.fanamc.com/english/au-commission-chairperson-reasserts-africas-unified-position-on-un-security-council-reform/,AU Commission Chairperson Reasserts Africa’s Unified Position on UN Security Council Reform,"May 11, 2026","Mesafint Brlie May 11, 2026 0","Addis Ababa, May 11, 2026 (FMC) — The Chairperson of the African Union Commission has reaffirmed Africa’s unified position on reform of the United Nations Security Council, calling for permanent representation for the continent during a ministerial meeting held on the margins of the Africa–France Summit. Speaking at the meeting, the Chairperson said Africa is “not asking for a favour” but seeking correction of a historical injustice, stressing that the continent remains excluded from permanent representation in the Council despite its demographic, political, and economic weight. He reaffirmed Africa’s position under the Ezulwini Consensus and the Sirte Declaration, calling for at least two permanent seats with full prerogatives, including veto rights while they exist, as well as five non-permanent seats in an expanded Security Council. The Chairperson welcomed support from France, Kenya, and Sierra Leone for advancing the African common position, and urged stronger political coordination and concrete action to translate growing international consensus into reform. He said the credibility of the Security Council depends on its ability to reflect current global realities rather than the geopolitical structure of 1945, adding that global governance institutions must evolve to become more representative and inclusive. He also noted that Africa’s inclusion as a permanent member of the G20 demonstrates that global governance structures can be reformed to better reflect contemporary realities. The ministerial meeting was held alongside the Africa–France Summit, which brings together African and French leaders to discuss investment, innovation, and broader cooperation frameworks."
Opinion,https://www.fanabc.com/english/category/opinion/,https://www.fanamc.com/english/contributing-to-industrialization-in-africa%ef%bc%9a-china-and-ethiopia-embark-on-a-new-journey-of-development-together/,Contributing to Industrialization in Africa: China and Ethiopia Embark on a New Journey of Development Together,"Jun 2, 2026","Mesafint Brlie Jun 2, 2026","June 2, 2026  On the East African plateau, Ethiopia is undergoing profound development transformation and revitalization. Industrial parks are springing up, 10,000-ton clinker cement production lines are in full swing, LNG production is booming, new energy development projects such as hydro-power station, wind farm and photo-voltaic generation are being accelerated, highway networks are being built at full speed, and the Ethio-Djibouti Railway and the economic belt along it are flourishing. As Ethiopia’s all-weather strategic partner, China has always worked to develop relations with Africa following the principle of sincerity, real results, amity and good faith and the principle of pursuing the greater good and shared interests. Under the framework of the Forum on China‑Africa Cooperation and the Belt and Road Initiative, China has carried out cooperation with Ethiopia in industrial fields such as policy communication, capacity matching, infrastructure building and potential tapping of emerging industries, and has provided all-round support for Ethiopia and Africa to embark on a new journey of industrialization.  Zero-tariff treatment and other preferential policies have injected new impetus into mutually beneficial and win-win trade and common development between China and Ethiopia, promoting Ethiopia’s agricultural modernization and industrialization process. China has taken concrete actions to fulfill its commitment to opening up its market to Africa by extending zero-tariff treatment to all African countries with diplomatic ties, including Ethiopia. Ethiopian agricultural and food products such as kidney beans, soybean meal and dried cassava have gained new access to China, and coffee, sesame have gained increasing popularity and reputation in the Chinese market through platforms like the China International Import Expo. Projects such as capacity-building in the livestock value chain were launched under the China-Africa (Ethiopia)-UNIDO Center. The above policy measures promote a more balanced and sustainable development of trade between China and Ethiopia, attract more investment from trading partners in areas like agricultural product processing, introducing capital, technology, equipment and management experience, and promoting a stabilized and upgraded industrial chain in Ethiopia. On the other hand, intermediate and capital goods, such as fertilizers, components of communication equipment, vehicle parts, generator sets, construction machineries made in China with good quality and price, play a leading role in China’s exports to Ethiopia. With local processing and value-added production, they provide support for Ethiopian enterprises to control production costs, meet local market demands and enhance export competitiveness.  China and Ethiopia have strengthened strategic alignment of industrialization in areas such as investment, infrastructure and connectivity to boost Ethiopia’s capacity for independent development and home-grown momentum. China has advanced high-quality joint construction of the Belt and Road Initiative, implemented the Global Development Initiative, and carried out the 15th Five-Year Plan, and conducted in-depth alignment with the 10-Year Development Plan of Ethiopia (2021-2030), HGER Agenda, Digital Ethiopia 2030. The two sides have achieved fruitful outcomes in infrastructure, manufacturing, industrial parks, energy and mineral resources and other fields. Chinese enterprises’ investment and operation of industrial parks such as the Eastern Industrial Park and key projects such as cement and natural gas, support Ethiopia in leveraging its advantages in factors such as resources and labor force to establish and improve industrial and supply chains and supporting facilities in areas such as textile and garment, building materials, food and beverages, medicine, steel, plastics and machinery. This supports Ethiopia in enhancing its production and manufacturing capacity, accelerating import substitution and local value addition, and integrating into global industrial and value chains. The Ethio-Djibouti Railway supports the Ethiopia’s import and export of critical supplies such as oil products, automobiles and coffee, which boosts the economic belt along the Railway and greatly enhances Ethiopia’s connectivity with neighboring countries. Chinese enterprises also actively participate in the construction of the Bishoftu International Airport project,  cooperation in infrastructure construction between the two countries continues to deepen.  China and Ethiopia have strengthened complementary advantages and innovation-driven development in emerging industries, supporting Ethiopia in striving to be a pioneer in Africa’s digital economy and green development. Facing the new round of global technological revolution and industrial transformation, the two sides are actively expanding cooperation in emerging industries. The Ethiopian government has shown its ambition and actions for digital and intelligent development, implementing two rounds of Digital Ethiopia strategy. Chinese enterprises have helped Ethiopia build a complete industrial ecosystem including mobile payments, e-commerce, AI, enabling digital and intelligent technologies to better benefit people’s livelihood, business and government service, and laying the foundation for digital empowerment of Ethiopia Tamrit. Infrastructure cooperation between the two sides has crossed from hard connectivity to soft connectivity. Green development is another highlight of China-Ethiopia cooperation. Ethiopia is rich in renewable energy, and Chinese enterprises provide mature, affordable and scalable new energy equipment and technologies. From electrified railway to electric vehicles, from waste-to-energy plants to zero-emission industrial park, from large-scale hydro-power station to photo-voltaic micro-grid, China supports Ethiopia in optimizing its energy structure, upgrading its industrial structure and enhancing its climate resilience, and contributes to Ethiopia’s hosting COP 32. Not long ago, electric heavy-duty trucks produced in China were used on a large scale in Ethiopia for the first time, which is an example of the two sides’ efforts to deal with the global energy shock and promote high-quality green development cooperation.  China has always advocated Chinese enterprises’ active fulfillment of their social responsibilities, integration with local economic and social development, and supported Ethiopia’s international cooperation in industrial and supply chain. China encourages and guides the “go global” Chinese enterprises to fully integrate social responsibilities into local business development strategies, major decisions and cultural construction while doing a good job in project operation, contract fulfillment, quality and market development, and to support improvement of local people’s livelihood and social harmony in aspects such as localization, labor relations, community relations, people-to-people exchanges and participation in public welfare undertakings. Chinese enterprises in Ethiopia have achieved positive results in promoting ESG systems, protecting workers’ rights and interests, production safety management, and knowledge and skills transfer. China Chamber of Commerce in Ethiopia plans to host a new session of the Chinese Enterprises’ Social Responsibility Forum, which will serve as an important platform for Chinese enterprises in Ethiopia to practice the concept of building a community with a shared future for mankind through concrete actions.  China will continue to support Ethiopia’s industrialization, on the journey of joining hands to advance modernization, practicing true multilateralism and advocating for universally beneficial, inclusive economic globalization. At present, unilateralism and protectionism are on the rise, geopolitical conflicts are intensifying, and international cooperation is facing multiple challenges. The road ahead of Africa’s industrialization is not smooth. At the Invest in Ethiopia High-Level Business Forum 2026, Chinese enterprises signed a number of cooperation agreements covering new energy, equipment manufacturing, green chemicals and other fields, demonstrating firm confidence in Ethiopia’s industrialization development prospects. China will enhance communication and coordination with Ethiopia, closely align with the needs of Ethiopia’s economic and social development, give full play to China’s advantages such as its vast market and complete industrial system, and continue to support Ethiopia in seizing the opportunities of digitalization and green development. Strengthen cooperation with Ethiopia in vocational education and help it cultivate a group of professionals in the fields of industrialization and agricultural modernization. Support Ethiopia’s early accession to the WTO to help enhance its global market competitiveness and better integrate into the global economy."
Opinion,https://www.fanabc.com/english/category/opinion/,https://www.fanamc.com/english/opinion-russia-and-ethiopia-expanding-horizons-of-economic-cooperation/,Opinion | Russia and Ethiopia: Expanding Horizons of Economic Cooperation,"Sep 25, 2025","Mesafint Brlie Sep 25, 2025","September 25, 2025  Editor’s Note: The views expressed in this article are those of the author and do not necessarily reflect the editorial stance of FMC.  Russia and Ethiopia are bound by close, time-tested ties of friendship and mutual respect. The spiritual kinship and shared values of our peoples serve as a solid foundation for the development of multifaceted relations. Addis Ababa has always been, and remains, one of Moscow’s key partners on the African continent. The current transformation of the world order which all of us are witnessing now, the shift toward a more equitable polycentric structure, and our joint efforts to counter neocolonial practices naturally bring our positions closer on most matters of the international agenda. This reciprocal movement, within the common aspirations of the global majority countries, is increasingly reflected in business activity. Mutual business interest has increased significantly in recent years, as evidenced by the positive dynamics of economic indicators. In the first six months of the current year, trade turnover more than doubled compared to the same period last year, reaching 191.2 million USD. Our objective is to bring the scale of economic interaction in line with the high level of our bilateral political dialogue. We are not fully satisfied with current trade and investment figures, as they do not yet fully reflect the untapped potential of our two countries. With a population of more than 130 million, Ethiopia represents a large and rapidly growing market. As Africa’s fifth-largest economy by volume, the country demonstrates impressive rates of development. In the past fiscal year 2024, GDP grew by 8.1%, reaching 205 billion USD, with an average annual growth of more than 6% in recent years. Ethiopia is also the third largest economy on the continent, after Egypt and South Africa, in terms of attracting foreign direct investment, which amounted to 3.9 billion USD in 2024. Such potential attracts Russian companies, and there are already examples of fruitful cooperation. Software solution providers, notably Kaspersky Lab, are successfully operating in the Ethiopian market. The St. Petersburg Tractor Plant is actively working with local farmers, delivering universal tractors to the country. Our partnership is steadily being enriched with a high-tech component – active joint efforts are underway to establish a peaceful nuclear industry in Ethiopia. We highly appraise the Prime Minister of the FDRE Dr. Abiy Ahmed’s participation in the first international forum “World Nuclear Week,” opens in Moscow September 25, 2025, during which an Action Plan on building in Ethiopia a Nuclear Power Plant has been signed in presence of the leaders of our two countries. Today, amid the accelerated fragmentation of the world economy, special attention is being paid to seeking pathways for ensuring mutual trade and investment, establishing independent settlement systems, payment and other mechanisms. Countries of the Global South and East are reducing the share of Western currencies in their mutual settlements. No one wishes to suffer from sanctions imposed by the West against “unwelcome” states, taking advantage of their monopoly on financial markets. Within BRICS, Russia consistently promotes the use of national currencies in settlements and the creation of alternative payment instruments. The association is working to ensure uninterrupted payment flows. This work, entrusted to the finance ministers and central bank governors of the member states, aims to protect economic ties from politically motivated pressure. We can already report positive results. By the end of last year, the share of the ruble and other friendly currencies reached 90% in Russia’s settlements with BRICS countries. We believe that progress in this direction will also promote increased business activity with BRICS partners, including Ethiopia. The primary mechanism of bilateral cooperation is the Intergovernmental Russian-Ethiopian Commission on Economic, Scientific, Technical Cooperation and Trade. We plan to hold its 9th session before the end of the year, co-chaired by Minister of Economic Development Maxim G. Reshetnikov and Minister of Innovation and Technology Belete Molla. The most promising sectors for joint projects have been identified: automotive engineering, chemical industry, transport, agro-industrial complex, information and communication technologies, and, of course, energy. On the eve of the Commission’s meeting, we also plan to organize an online forum for business circles. Furthermore, several major international events, opening up new opportunities for the business communities of our countries, will soon take place in Moscow. Ethiopian companies are invited to participate in the International Forum “Russian Energy Week,” which will be held from October 15 to 17 at the Central Exhibition Hall “Manege” in Moscow. Leading-edge Russian and international technologies in agriculture, and opportunities to connect with industry leaders, will be showcased at the agro-industrial exhibition “Golden Autumn,” which will also be held in Moscow from October 8 to 11. There are also plans to organize a series of major joint economic and cultural events in Addis Ababa. Comprehensive information and support are readily available from the Russian Trade Mission in Ethiopia. I am confident that active participation in the mentioned events will impart powerful momentum to the implementation of our plans and make a significant contribution to the further strengthening of the multifaceted ties between Russia and Ethiopia."
Opinion,https://www.fanabc.com/english/category/opinion/,https://www.fanamc.com/english/ambassador-hirut-a-seasoned-woman-in-diplomacy-reflects-on-service-strength-and-hope/,Ambassador Hirut: A Seasoned Woman in Diplomacy…,,,"Addis Ababa, June 27, 2025 (FMC) — In a candid and heartfelt conversation with Fana Podcast, Ambassador Hirut Zemene, Ethiopia’s Permanent Representative to the African Union and the United Nations Economic Commission for Africa (ECA), shared reflections on her 30-plus years in diplomacy, the values that shaped her, and her hopes for Ethiopia’s future. Ambassador Hirut’s journey began humbly at the Ministry of Foreign Affairs, where she steadily rose through the ranks to hold prominent roles including Minister of State and ambassadorial assignments in multiple countries. Known for her calm and composed demeanor, she attributes her resilience to the lessons of patriotism and self-confidence instilled by her parents. “They raised me to love my country deeply and to serve its people with dedication and integrity,” she said. Beyond her diplomatic career, Ambassador Hirut is passionate about cultural expression. While serving as Ambassador to the Benelux countries and the European Union in Brussels, she proudly organized an art exhibition featuring 40 paintings from the Ale Felege Selam Art School — a celebration of Ethiopian creativity on an international platform. Her humanitarian spirit shines through her admiration for Abebech Gobena, a revered Ethiopian humanitarian known as the “Mother of Many.” “Had I not chosen diplomacy, I believe I would have devoted myself to charity work,” she reflected. The Ambassador spoke warmly of Ethiopia’s younger generation. “Our youth are the hope of the nation. Their hard work and ambition inspire me every day, and they now have more opportunities than ever before,” she noted with pride. Acknowledging the challenges she faced, Ambassador Hirut recalled standing firm against diplomatic pressures and unfair media portrayals that threatened her country’s reputation. “I am proud of those moments when I stood up for Ethiopia and defended its image,” she said. Ambassador Hirut’s story is one of quiet strength, resilience, and dedication—a testament to the vital role women play in shaping Ethiopia’s diplomatic landscape. Her journey offers inspiration to young women across the nation, encouraging them to pursue their ambitions with confidence and grace."
Opinion,https://www.fanabc.com/english/category/opinion/,https://www.fanamc.com/english/statement-of-position-of-the-prosperity-party-from-the-second-congress/,Statement of Position of the Prosperity Party from the…,,,"Addis Ababa, February 3, 2025 (Prosperity Party ) – It is with great joy and pride that we announce the successful conclusion of the 2nd Ordinary Congress of our Party, which was held under the theme “From Pledge to Practice” for three consecutive days from January 31 to February 2, 2025, in our beautiful city of Addis Ababa. This event marks a time of transformative progress for our Party, showcasing the power of our thoughts and imagination in concrete actions, reflecting the significant efforts of our leaders to modernize our Party, and celebrating the unity and diversity of our people, all while striving for the freedom of Africans and the black peoples of the world. Since January 31 to February 2, 2025, we have witnessed the unity of thought and action essential for turning debt into profit, ensuring the progressive development of our country, and safeguarding the independence and impartiality of our democracy, justice, and law enforcement institutions. Our economy has exhibited remarkable growth, improving utilization of national resources and increasing overall production and productivity by more than 7 percent. Our focus on human-centered development, housing initiatives, a culture of community assistance, and a diplomatic approach rooted in respect for our national interests have together fortified our capacity and determination to achieve our future aspirations for universal prosperity. Prior to this regular Congress, we conducted pre-Congress gatherings across our nation, beginning at the grassroots level. These meetings allowed the entire leadership and membership to engage in comprehensive discussions regarding our Party’s achievements, challenges, and ideas for the future. This extensive organization and political engagement ensured a democratic process, resulting in high-quality outcomes for our Congress. We have reached a clearer understanding not only of our missions for the next three years but also of the strategies necessary to overcome the damages inflicted by ongoing conflicts in certain regions and the adverse impacts of broader regional and international dynamics. Thus, we, the participants of the Second Congress of the Prosperity Party, hereby affirm the following 8-point position statement with confidence and optimism that our Party will continue to build on the successes achieved in all sectors over the past three years, while effectively addressing our leadership’s shortcomings moving forward: However, through our pre-Congress discussions, we have also recognized that the pursuit of building a robust, healthy, and effective Party requires ongoing diligence. Thus, we need to enhance our internal party democracy, broaden the scope of influence of our organizations, further modernize our operational systems, and reinforce our Inspection and Ethics Commission at all levels. Our shared goal is to establish a strong Party capable of addressing its shortcomings and effectively leading national initiatives with innovative ideas while coordinating public movements effectively. Over the next three years, we will strive to nurture a robust Party characterized by significant achievements, empowered leaders and members who embody strong discipline and ethics, and an unwavering commitment to realizing the Ethiopian dream as a catalyst for change. To build this strong Party, we will implement an effective evaluation and assessment system to ensure the integrity of our members, take corrective measures against those who have deviated from ethical standards, and ensure that the recruitment of new members is conducted with excellence and efficiency. We pledge to foster a unity of purpose and history that adapts to contemporary challenges, ensuring structural excellence, political stability, and sustainable results with unwavering determination. In the past three years, our Party-led government has made significant strides in safeguarding the sovereignty and territorial integrity of our country by enhancing the capacity and effectiveness of our national democratic institutions charged with protecting national security. We wholeheartedly support these institutions in serving as reliable guardians of the nation while upholding their independence. We are committed to ensuring that our citizens’ right to justice is thoroughly protected, modernizing our justice system, training qualified professionals, providing swift and dependable services, and maintaining the accountability of the judiciary. We commit to vigorously pursue our economic prosperity goals through unity, enhancing our existing capabilities, exploring new sectors, and fostering a creative economy for the future. We aim to construct a sustainable development finance system that will free our country from debt. We will bolster our revenue collection capabilities to meet the rising demands of our population while fostering widespread support for our Green Decade program as a cornerstone of public involvement. In the upcoming three years, we will work diligently to establish a sound economic framework that facilitates Ethiopia’s comprehensive prosperity through structural transformations in agriculture, industry, tourism, mining, and the digital economy! The government led by our party has prepared and put into operation a new education roadmap. In order to turn this into a tangible result, we will work to strengthen the value-building activities of the generation and to carry out activities that will help the generation to learn tolerance, national unity, brotherhood/sisterhood, and patriotism. Our congress also observed that excellent quality and accessibility improvement measures have been taken in the health sector, including the expansion of health insurance beneficiaries, hospitals, and health centers. In addition, based on our party’s people-oriented nature, we have ensured that the activities that respect the universal rights and interests of children and the elderly, protect the universal rights, dignity, and safety of the disabled, and support the weak and vulnerable sections of society are being carried out effectively. We have also seen significant progress in ensuring the full participation and benefit of youth and women by strengthening our youth and women’s wings to a greater level than ever before. Therefore, we will continue to strengthen these social development projects that we have started with great determination in a way that achieves our goals of growth and equitable benefits and ensures social prosperity! While preserving media freedom and the right to free expression, we will vigorously fight for the enforcement of the law against those who use the media for conflict, violence, and crime with destructive missions. We pledge to use social media to build a nationalist narrative, for national unity, for knowledge transfer, and to reveal the truth about Ethiopia by involving the entire population. Despite the efforts initiated to solve the problem sustainably, our congress has reviewed in detail that corruption in service delivery and good governance in various forms and levels is exposing our people to hardship and suffering. Therefore, it has decided to translate the justice system reform that has been initiated to build a justice system that citizens can trust into tangible results. It has also taken a strong stance to improve the government’s implementation and service capacity by implementing the civil service reform quickly. In addition to waging a strong struggle at every level and in every sector under the leadership of our party to control corruption and malpractice, it has set a direction for the establishment of an effective operating system supported by technology. Therefore, we pledge to work day and night to implement the strong stance taken by our party to carry out effective and proactive reforms, especially in service-providing sectors that are a source of public dissatisfaction, and to implement service adjustment areas through special studies and to increase public satisfaction! In addition to ensuring that the long-standing issue of the sea port, which has been a generational issue, is given due attention by the international community, we have also highly appreciated the efforts being made to find a peaceful and diplomatic solution to the issue. We have also thoroughly evaluated the benefits of the principle of the dignity of citizens in foreign relations formulated by our Party in protecting the security and dignity of our citizens living abroad. We have explored additional directions that will enable our diplomacy to move away from flirting and pursue and implement Ethiopia’s national interests and needs based on principles and truth, and have charted the right path. Therefore, we affirm our determination to fight peacefully in all the world forums we have at our disposal until these directions are effectively implemented and our desire for a permanent sea port receives a peaceful and diplomatic response! We have agreed that all the leadership and members will work diligently to prevent conflict and create stability. Therefore, we will all stand together and steadfastly to ensure the peace of our country and to strengthen our national unity by working hard to implement the decisions and directions of our congress! Next, we, the participants of the Second Congress of the Prosperity Party, have a message and a trust to convey to all Ethiopians and all stakeholders from this eternal symbol of our common sacrifice and victory, the Adwa Victory Memorial Hall. Dear all Ethiopian people! Your party, Prosperity Party, sincerely believes that the responsibility you have shouldered in the completely peaceful, free, fair, and democratic national and regional elections held on the eve of the first congress, in the dark of night, without the heat of day, with amazing perseverance; with determination, is not a mistake. Our party will honor the responsibility and trust you have given us by ensuring universal prosperity and realizing the Ethiopian dream, by overcoming poverty, deprivation, and humiliation, by permanently changing the lives of citizens, and by building strong institutions and systems. In this regard, we have created a growth and revival that is impressive to the world in the few years we have spent in this regard and have been able to make our country the 5th largest economy in Africa, the 3rd largest in sub-Saharan Africa, and the 1st largest in East Africa. In the past, when we bravely and proudly defended our national honor, the world recorded us as a failure because of our own mistakes. Today, however, our party has risen with a firm stance that we will leave our children a legacy, not a debt. Therefore, we must return to the tower of glory that we have won through our own efforts. We can break the national humiliation that poverty has brought us and become a new glory only if we fight and win to make our own history with determination, determination, and a new sense of national patriotism. The biggest burden of making Ethiopia a better place in general falls on the shoulders of us Ethiopians. Therefore, this vision cannot be successful without the approval, full cooperation, and strong participation of the entire Ethiopian people. Our party has made great efforts to bring out the advanced and revolutionary ideas that it has prepared in the past years to achieve the mission of ensuring the overall prosperity of Ethiopia and to strengthen its internal party capacity, taking them out of the party fence and making them the center of the people’s universal participation and benefit. All the victories we have achieved from congress to congress are due to the trust, support, and participation of the people in our party. It is with great pride and determination that we assure you that we will continue to work with special attention to actively and widely involve the people in all national and local agendas until the next congress. We, the people of prosperity and all Ethiopians, believe that the change we have initiated will fundamentally solve the complex problems of our country and repair the fractures. Therefore, despite the problems and disadvantages encountered here and there in the process of change, we will continue our struggle by understanding the natural nature of change and seeking a bright future. We recognize that this journey of struggle will be tested by one challenge stemming from the existing political culture and two new challenges that the new era will create itself, and we will always move forward by using our experience of turning challenges into opportunities. In order to achieve the goal of the struggle we have started to realize the comprehensive prosperity of Ethiopia, we will continue with a spirit of patriotism and courage, building our national unity and maintaining our national unity, considering yesterday, today, and tomorrow. In the process, we will build a strong party and government, contribute our part to the realization of our national dream, and achieve the acceptance and height of our country. We express our sincere respect to all of you who have stood by our party and government in supporting this sacred goal, and we respectfully request that you continue to provide us with the necessary support and cooperation. It is certain that we will not only strengthen Ethiopia by transforming our honorable word into culture, but also lead it to the tower of prosperity! When we meet in our next congress, we will do more than we were given; we will do more than we were expected; We firmly believe that we will move Ethiopia towards greater overall prosperity. The hope we have seen from our congress is a strong confirmation of this.      "
Opinion,https://www.fanabc.com/english/category/opinion/,https://www.fanamc.com/english/ethiopia-the-birthplace-of-coffee-is-an-overlooked-country-with-breathtaking-landscapes-and-adventure69858-2/,ETHIOPIA: The Birthplace of Coffee Is an Overlooked Country with Breathtaking Landscapes and…,"Dec 13, 2024","Mesafint Brlie Dec 13, 2024 0","By Chris Tharp via ISLANDS (December 13, 2024) For any traveler serious about seeing the world, Africa is likely high on their list. There’s just one problem: where to begin? The world’s second-largest continent is home to 54 independent countries, which makes choosing a destination a dizzying endeavor. Africa offers up everything from the incomprehensible vastness of the Sahara to São Tomé and Príncipe, rarely-visited islands that have been called the “African Galapagos.” This is in addition to buzzing cities, wide savannas, mountains, jungles, and even Cape Winelands, a world-class wine region without the crowds. Situated in the Horn of Africa, Ethiopia stands out as one of the continent’s most alluring destinations. With over 132 million people, Ethiopia is the second-most populous country in Africa, and has a fascinating and distinct history. Its main language, Amharic, is in the same family as Arabic and Hebrew, and the country is home to a heady mix of religions and spiritual traditions, including Islam, Animism, Judaism, and the Ethiopian Orthodox Church, one of the oldest branches of Christianity. Ethiopia is also said to be the birthplace of coffee, a beverage that still holds a special place in local culture. This — combined with its peppery, unique cuisine served on the spongy, pancake-like injera bread — makes it a serious draw for lovers of food and drink. The country is also home to mysterious, historical towns and some of the most diverse landscapes in all of Africa, with deserts, deep valleys, and rugged highlands guaranteed to take your breath away. Culture, coffee, and jazz Most visitors to Ethiopia start off in the country’s bustling capital, Addis Ababa. This big kinetic burg manages to be one of Africa’s most modern centers while also never forgetting its rich cultural underpinnings. While in town, check the National Museum of Ethiopia, which, in addition to artifacts and art, houses the skeletal remains of Lucy, a human ancestor that dates 3.2 million years. Learn about the country’s diverse ethnic groups at the Ethnological Museum — which occupies the former palace of Emperor Haile Selassie — or head to the not-to-be-missed Mercato. This sprawling, chaotic, street bazaar is said to be Africa’s largest open air market, and is awash with sights, sounds, and aromas that are nothing short of intoxicating. Coffee is the name of the game in Ethiopia, so savor a cup of the country’s gift to the world at Tomoca, a cafe that has been in operation since 1953, or sip the goods at the highly-regarded Galani. Dive into a plate of injera, veggies, and spicy meat stews at the Yod Abyssinia Cultural Restaurant, which also features traditional music and dance. For a more modern take on tunes, check out African Jazz Village. Located in the Ghion Hotel, this venue focuses on Ethio-jazz, a hypnotic, homegrown, musical hybrid form that is famous around the world. Mountains, deep valleys, and churches carved from stone  The landscape of Ethiopia tends to blow minds, and one place that delivers on this promise is the Danakil Depression. Created by three continental plates drifting apart, this otherworldly zone lies 377 feet below sea level and features salt flats, geysers, volcanoes, and entire lakes made of lava. It’s also one of the hottest places on the planet, with thermometer-busting temperatures reaching up to 131 degrees Fahrenheit. It’s the highlands that really define the country, and one of the best ways to experience them is by trekking in the Simien Mountains. This range of ridges and 14,000-foot peaks offers the most sweeping views in the country, and can be explored via two ecolodges: Simien Lodge and Limalimo Lodge. For more of nature’s pure spectacle, head into the Rift Valley, a geological formation that’s famous for its string of lakes that are home to African wildlife such as hippos and crocodiles. For history and architecture, look no further than Gonder. Sometimes called the “Camelot of Ethiopia,” this former capital city features castle ruins that rival any in Europe, as well as one of the nation’s most well-known churches, Debre Birhan Selassie. However, when it comes to Ethiopian houses of worship, Lalibela is the undisputed king. This legendary town is home to 13 churches hewn from rock. They are still vital places of worship, playing host to the country’s most important — and sacred — religious festivals. If you’re looking for even more historical sites in awe-inspiring landscapes, Tunisia is the perfect desert escape."
Opinion,https://www.fanabc.com/english/category/opinion/,https://www.fanamc.com/english/addis-ababa-a-city-of-resilience-where-modernity-meets-the-heart-of-africa/,Addis Ababa — a city of resilience where modernity meets the heart of Africa,"Dec 12, 2024","Mesafint Brlie Dec 12, 2024 0","Addis Ababa, December 12, 2024 Addis Ababa stands as a defiant symbol of motion and progress. Unlike the stasis that has gripped cities like Durban, Luanda, Mombasa and Kinshasa, this mountainous city carves its identity as a hopeful antithesis — a space where despair melts into the promise of something greater. Ileave you now, Addis, reluctantly and with a heavy heart; this love we share is too sweet, too obsessive, too consuming. Each time we meet, I lose my head, much like Tracy Chapman sings: lost to matters of the heart. It is very difficult to fall or restore unconditional affection for African cities these days. But alas, O land of the yellow blossoms, duty calls. I must tear myself away from your soothing embrace, leaving behind all my alluring desires. I console myself only with the hope that this separation is not final — that we shall meet again soon, and that the flame you have kindled will burn even brighter when we do. Symbol of motion and progress Addis Ababa stands as a defiant symbol of motion and progress. Unlike the stasis that has gripped cities like Durban, Luanda, Mombasa and Kinshasa, this mountainous city carves its identity as a hopeful antithesis — a space where despair melts into the promise of something greater. In every corner, Addis negotiates between the hard truths of its political past and the dream of a brighter African future. It breaks free from the shackles of the sub-city that many old urban spaces have become in both the Global North and the Global South. Addis has always been a beacon. From Emperor Menelik II’s founding of the city in 1886, to its resilient defiance against Mussolini’s occupation, the city has long symbolised resistance, unity and self-determination. But while its streets echo with the footsteps of liberation, Addis is not entirely free from the shadows of coloniality. Much like other major cities, its present and future are entangled with Euro-American-Sino imaginations of modernity. Skyscrapers rise like glass exclamation points in a narrative crafted by capital, yet there is something fiercely unique here. Unlike Cairo, a city wrestling with the artificial sterility of its “smart city” developments, or Cape Town, caught in the vice of gentrification and privilege preservation, Addis experiments boldly, refusing to be fully captured. There is grace in its evolving beauty. A city transformed: renewal amid contradictions The transformation of Addis is palpable. Slums are being replaced by towering buildings, a double-edged sword that cuts deep into the lives of the city’s poor. Rising property prices force many to the outskirts, where transportation costs often spiral beyond their reach. Yet, amid these displacements a different kind of energy prevails — a sense of renewal that is as challenging as it is exhilarating. The Uber economy, with its demands on mobility, smart connectivity and infrastructure, adds another layer to this dynamic urban transformation, driving property values higher and reshaping the democratic dividend. After all, beauty is not cheap, and ever since its monetary value was discovered, the world has become a mess — no romance without finance! In all this, one cannot help but marvel at Addis’s meticulous governance. From the airport to the mayor’s office, the city exudes an air of order and purpose. Men in orange overalls sweep the streets with a quiet dignity, while wheelbarrows carry away the dust of change. Beneath every pavement, new water pipes and fibre optic cables are laid, ensuring the veins of the city pulse with the lifeblood of progress. Walkways and cycle paths are under construction, even if it means breaking and pushing back the boundary walls of banks and embassies. Traffic lights and roundabouts, often overlooked in the post-colony, act as metaphors for the rhythm of Addis, a rhythm that invites you to pause, to share space, to observe. The eternal allure of Addis Yet, the true beauty of Addis lies not in its infrastructure development and expanding industrial development zone, but in its people. There is a quiet, almost divine grace in the way the city’s women carry themselves. Their beauty transcends the physical, becoming a symbol of the city’s charm and allure. In their presence, vows become fragile, moral temptations overwhelm, and the weary traveller’s heart is forever ensnared. How else can one explain this enchantment but as a deliberate act of the divine? Truly, Addis is “the land of origin” (as the Ethiopian Air byline goes), of beauty, of culture, of hope. The question remains in Johannesburg: “Why do abo my friend (Ethiopian and other East African immigrants) leave behind their (beautiful) women/sisters” — pun intended! And what of the men? They walk these streets with an unjealous confidence, a rare quality that allows the city’s spirit to flourish unhindered (you are free from that “don’t look at our women” Lagos gaze). Together, the people of Addis form the soul of a city that celebrates its diverse and painful heritage while embracing the future. From the spicy delights of its cuisine to the soothing indulgence of its spas, Addis offers a sensory feast that rivals the best in the world. A seat of power and unity More than just a city, Addis is a symbol, a gracious host to the African Union and UN agencies, a hub where the continent’s leaders converge to proclaim a collective future — from its founding as the Organisation of African Unity to date. Its history as the cradle of pan-Africanism is well-documented, but what sets Addis apart is its ability to balance contradictions. Regional rivalries and national interests collide here, yet the city manages to hold it all together, a delicate dance that underscores the resilience of multilateralism. Diplomats from all corners of the world come and go, their briefcases heavy with plans for peace, neocolonialism, anti-imperialism and development; yet their hearts are invariably softened by the city’s poetic charm. Here, the words of an Inanda proverb ring true: “The future belongs to the united.” Through Agenda 2063, there is a common determination to accelerate national and regional development resulting in jobs and prosperity for all Africans. Addis is more than just a meeting place; it is a catalyst for unity, a stage where dreams of social and economic transformation take shape. New seasons, new flowers Addis Ababa, as its name suggests, is a flower that transcends time. Its petals, vibrant and alive, tell the story of an African city that refuses to wilt. It has withstood droughts and famines, civil wars and tyranny. It defeated imperialism. In its embrace of modernity, it does not abandon its roots. Instead, it finds ways to harmonise progress with tradition, creating a canvas that is as inspiring as it is complex. The sun rises over Addis to illuminate more than just its streets; it lights the path to a better future for all of Africa. In its clean pavements, its magnificent streetlights, the burgeoning palm trees, its bustling traffic circles, its gentle people, and its soaring ambitions, Addis restores faith — not just in the city itself, but in the broader African dream of a renaissance — regular power cuts notwithstanding. Like a great love affair, it challenges you, tempts you, and ultimately leaves you transformed. And so, Addis, in this new season of growing multipolarity, you remain a New Flower — not merely in name, but in spirit. You are a city pregnant with the promise of renewal, a city that reminds us of the beauty that lies in resilience and hope. All premature autopsies about the African city are exposed here. You are, and forever will be, the heart of the African city, the living Carthage. Don’t cry for me — Addis; the truth is, our new African modernity love affair defiantly endures. By Busani Ngcaweni, Director-General of the National School of Government, South Africa, via Daily Maverick"
Opinion,https://www.fanabc.com/english/category/opinion/,https://www.fanamc.com/english/vigor-and-vitality-chinese-youth-think-tank-leader-feels-innovation-creativity-courage-of-african-peers-in-exchange-programs/,"Vigor and Vitality: Chinese youth think tank leader feels innovation, creativity, courage of African…","Sep 7, 2024","Mesafint Brlie Sep 7, 2024 0","Addis Ababa, September 2024 The 2024 Forum on China-Africa Cooperation (FOCAC) Summit will be held in Beijing from September 4 to 6. The theme of this year’s summit is “Joining Hands to Advance Modernization and Build a High-Level China-Africa Community with a Shared Future.” In light of this, we are launching a series of China-Africa stories, including interviews with political leaders, stories of exchanges between young people from both regions, and intensive cooperation in various fields. Through these stories, we will see how China and Africa are deepening their ties and building a brighter future together. Li Ming, chairman of the China-Africa Youth Federation (CAYF) think tank, an international youth organization for Chinese and African Youth self-management and development, is a whirlwind of activity these days. With the highly anticipated 2024 Summit of Forum on China-Africa Cooperation (FOCAC) on the horizon, she is deeply involved in organizing CAYF’s various exchange programs, liaising with visiting African delegations, and hosting workshops for young professionals from both continents. Simultaneously, as a PhD candidate at the China-Africa Institute, Li is meticulously crafting her dissertation on sustainable energy governance in African countries, focusing on Ethiopia and Kenya. Li is well aware of the significance of this FOCAC. “Six years later, the FOCAC is once again being held in Beijing since 2018. The African youth and staff of the diplomatic missions working with us all have high expectations for the summit.” Li said she and her colleagues also hope to leverage the FOCAC to let more African friends come to China and see the new changes and progress that China has made in different aspects in the last six years. Li’s passion for Africa stems from a life-changing experience in 2017 during a Chinese Ministry of Commerce’s training program, where, as a coordinator and translator for the African delegation, she interacted with numerous prominent African politicians and academics. Their genuine desire to learn from China’s governance and development strategies deeply moved her. This experience propelled Li from her original legal studies into the realm of African studies, completely reshaping her career path. After graduating, Li pursued a master’s degree while working as a translator for several African embassies in China. In 2020, she joined the CAYF, immersing herself further in fostering China-Africa relations. Her work has taken her to South Africa for the 2023 BRICS Summit and on an exploratory mission to Ethiopia in 2023. “South Africa embodies modernity, openness, and inclusiveness,” Li said. “My time in Ethiopia sparked a profound sense of resonance, with numerous China-funded projects, like the Addis Ababa-Djibouti Railway, and Chinese restaurants and hotels dotting the landscape,” she recalled. “Although they are not as modern as China’s mega-cities, the country as a whole shows a vitality of people, just like my country.” Based on her experiences, Li believes Africa is a diverse, vibrant continent brimming with its own unique wisdom. “The young Africans I interact with – largely students studying in China – are brimming with innovation, creativity, and courage, driven to realize their African dreams,” she said. Li noted that these young Africans are particularly interested in China’s development model, aspiring to apply the knowledge gained in China to their own nations. “They are eager to learn from China’s approach, distinct from Western models, aiming to forge a path toward modernization and progress suitable for developing countries,” Li said. A recent heartwarming moment for Li was during the “Africa Day” event organized by the African student associations at Tsinghua and Peking universities in May, where young students from different African countries dressed in their unique costumes and showcased their cultures. “I was struck by the vibrant and innovative ways, in which African youth showed the charm of their countries, and also shared their connection with China,” Li said. Through these interactions, Li witnesses the profound impact of China-Africa collaboration. Both Chinese and Africans can feel that China is willing to embrace the world in a more open and inclusive way, rather than opting for so-called decoupling, confrontation, or alliances, Li said. “China consistently views its relationship with Africa through the lens of a community of shared future,” she emphasized. Born in 1995, Li noted that for Generation Z, “we have grown up witnessing the explosion of technologies like the internet, digital economies, renewable energy, and AI. We are both users and witnesses to this technological revolution,” Li pointed out, nothing that fostering communication and collaboration between professionals in these fields across China and Africa is a priority for her going forward. Li believed that this focus can play a good supplementary role to the traditional cooperation between China and African countries in infrastructure, trade, and investment, and other fields. “We, compared with previous generations, can gain a much deeper understanding of each other’s cultural backgrounds and the essence of our civilizations. I hope to infuse more fresh perspectives and youthful energy into China-Africa cooperation mechanisms, ensuring its continued vitality for generations to come,” she said. By Lin Xiaoyi Source: Chinese Embassy in Addis Ababa"
Opinion,https://www.fanabc.com/english/category/opinion/,https://www.fanamc.com/english/smooth-implementation-of-the-china-ethiopia-chinese-vocational-skills-project/,Smooth implementation of the China-Ethiopia “Chinese + Vocational Skills” Project,"Aug 27, 2024","Mesafint Brlie Aug 27, 2024 0","By Embassy of China in Addis Ababa August 27, 2024  The China-Ethiopia “Chinese + Vocational Skills” project supported by the Ethiopia Ministry of Labour and Skills officially began to be implemented this year. The first batch of institutes participating in this project include Yellow River Conservancy Technical Institute, Henan Polytechnic Institute, Henan Polytechnic and Xuchang Vocational Technical College.  The lasting 2 months teaching task of the first batch of 5 Chinese teachers is making steady progress at the Federal Technical and Vocational Training Institute (FTVTI). The 3 teachers named Wang Feng, Wang Mengmeng from Yellow River Conservancy Technical Institute and Xu Guiyang from Henan Polytechnic Institute arrived at FTVTI earlier in June, teaching Hydropower Engineering Technology and  Mechatronics Technology. They have finished the teaching task in early August, and the trainees have got their Certificate of Completion with great satisfaction. The other 2 teachers followed the 3 teachers’ pace and arrived at FTVTI later. They are Lu Xunxiang from Henan Polytechnic and Fang Yingming from Xuchang Vocational Technical College, teaching Intelligent Welding Technology and Automotive Testing and Maintenance Technology. Their teaching task will be ended at the end of this month. At that time, the teaching task of the first batch shall be totally finished.  During the class, the professionalism and enthusiasm of the Chinese teachers have been widely applauded by trainees. The trainees also showed a high enthusiasm for learning and thirst for knowledge. They took the initiative to communicate their confusion and thinking with the teachers, and the on-site teaching atmosphere was very harmonious. It is believed that through the concerted efforts of China and Ethiopia, the value and significance of the courses will be further deepened.  The successful implementation of the China-Ethiopia “Chinese + Vocational Skills” project has effectively solved the problem of production capacity localization in Ethiopia and met the pressing demand for “Chinese +” composite and skilled talents to the local economic and social development. Looking forward to the future, China and Ethiopia institutions will maintain closer interaction and promote China-Ethiopia cooperation and exchanges in vocational education to be profound, solid, and stable.   "
Opinion,https://www.fanabc.com/english/category/opinion/,https://www.fanamc.com/english/a-new-page-of-ethiopia-china-relations-sail-for-the-future-with-chinesevocational-skills/,"A New Page of Ethiopia-China Relations, Sail for the Future with “Chinese+Vocational Skills”","Aug 27, 2024","Mesafint Brlie Aug 27, 2024 0","By Embassy of China in Addis Ababa August 27, 2024 In the long history of friendly exchanges between Ethiopia and China, another milestone project – China-Ethiopia “Chinese + Vocational Skills” – is steadily stepping forward. It aims to deepen cooperation in vocational education between the two countries and promote the cultivation of skilled talents in Ethiopia. Since the project was officially launched by the Ministry of Labour and Skills of Ethiopia (MoLS) in 2022, it has been carrying the great expectation of facilitating mutual understanding and skills advancement between the two peoples. The first batch of institutes participated in the project this year including Yellow River Conservancy Technical Institute, Henan Polytechnic, Henan Polytechnic Institute, and Xuchang Vocational Technical College.  Back in June 2023, the launching ceremony of this project started in a warm atmosphere in Henan, China. Dr. Teshale Berecha Yadessa, State Minister for MoLSs, gave a video presentation to express his confidence and good wishes for the success of the project. At the ceremony, His Excellency Tefera Derbew Yimam, the Ethiopian Ambassador to China, was present at the event and delivered a passionate speech, highly appreciating the significance of the project in strengthening youth exchanges between the two countries and enhancing the vocational skills of Ethiopian youth.  In order to obtain a deep understanding of the participating Chinese institutes, Dr. Solomon Mekonnen Teklu, the Director of International Relations and Partnership of FTVTI, traveled to China and visited six high-level vocational institutes participating in the project. These institutes are all top-ranked on the list of China’s vocational institutes for their excellent quality of teaching, rich practical opportunities, and achievements in international exchanges. During the visits, both sides further deepened their understanding and enhanced mutual trust, laying a more solid foundation for the in-depth cooperation of the project.  The “Chinese + Vocational Skills” training base was inaugurated in Addis Ababa by Her Excellency Muferihat Kamil, Minister of MoLSs, and Dr. Biruk Kedir, Director General of the FTVTI, marking the official launch of the cooperative project in Ethiopian and building a broader platform for Ethiopian youth to learn, to grow, and to march towards China and the world.  Reportedly, the first training of the project is in progress, covering several specialized areas, such as water conservancy and hydropower technology, mechatronics, intelligent welding, and automotive testing and maintenance technology. The trainees who have completed the training will be awarded Certificate of Completion by Chinese institutes. Subsequent training is under preparation. The governments of the two countries and all sectors have high expectations for this project and will continue to provide strong support to ensure a stable long-term operation. Through this project, more Ethiopians will grow up in this land of hope, and with their wisdom and sweat, they will head for a greater future together with Ethiopia. "
Opinion,https://www.fanabc.com/english/category/opinion/,https://www.fanamc.com/english/peace-for-oromo-villages/,Peace for Oromo Villages!,"May 30, 2024","Wondesen Aregahegn May 30, 2024 0","We wholeheartedly advocate for peace, without any pretense. Despite having a strong traditional system like Gada, which is respected by other communities for its ability to address political issues, we have not utilized it for our own benefit. Likewise, while the law guarantees our right to live and work in a secure and stable region, we are currently grappling with challenges caused by widespread lawlessness. Today is different from yesterday. The Oromo people have secured their destiny at great cost. No longer are they forced to seek their future through the barrel of a gun nor through conflict in the jungles. The political landscape has evolved towards peaceful means of struggle. The people have exercised their constitutional rights by choosing leaders based on presented political ideas and programs, backed by crucial legal guarantees. However, the hard-won destiny of our people is now under siege by armed groups in the jungles. It is deeply shameful and disgraceful, both in human eyes and before our Creator, to face terror from those born among us. The brutal killings and abuse of our elders, men, women, and children mark a tragic chapter. The looting and destruction of Oromo villages over the past four years alone have erased much of our past achievements and current progress. As a united and responsible people, we assert: “The issue must be resolved peacefully; peace and stability must prevail.” Our demand is not without reason. We seek an end to the horrendous suffering inflicted upon our people and the opportunity to live, work, and thrive peacefully. We are committed to this struggle. The sacrifices made by the Oromo in the past have paved the way for modern political choices today. With the opening of the political arena, repression of ideas, suppression of rights, and inhuman treatment due to differing political views are becoming history. The opportunity for free exchange of ideas, competing through political programs, governing responsibly, and serving the people has emerged. Laws and systems are being established to support this, alongside efforts to strengthen our institutions. Therefore, there is no justification for the Oromo struggle to resort to arms or sacrifice more lives. It’s contradictory to witness the Shane rebels condemning the past wrongdoings of previous regimes against our people, while at the same time using violence and firearms to challenge and dismantle the hard-earned freedom that our people achieved through significant sacrifices. Why subject our villages, where we were born and raised with dignity, to prolonged sieges, anguish, and humiliations? The Oromia Regional State Government has consistently called for peaceful conflict resolution, respecting our traditions. Responding to this call, thousands of ABO Shane fighters have embraced peace, undergoing rehabilitation and reintegration into society. Many more are in the process. The government has shown respect for human dignity and traditional values by welcoming former fighters back peacefully, rehabilitating and reintegrating them into society. Post-reform, this effort continues, ensuring their full participation and restoration. An inclusive national dialogue forum has been proposed to close the chapter of grief, frustration, and conflict, forging a path of consensus. The government and people are committed to dialogue and negotiation as solutions, moving away from political stagnation towards conflict resolution. Therefore, I reaffirm my call for peaceful conflict resolution, urging an end to torture, killing, and looting by armed forces. Let us stabilize the Oromo villages. To those who have chosen peace and seek to return to their family, I say without hesitation: come back! We are ready to welcome you with the dignity and respect befitting human beings and our traditions. Peace belongs in the Oromo Villages! The government extends its hand for peace, unwavering and open! Shimelis Abdisa, President of the Oromia Regional State"
Opinion,https://www.fanabc.com/english/category/opinion/,https://www.fanamc.com/english/green-legacy-initiative-goes-global60714-2/,Green Legacy Initiative goes global,"May 21, 2024","Mesafint Brlie May 21, 2024 0","By Embassy of Ethiopia in Islamabad, Pakistan Addis Ababa, May 21, 2024 – The Green Legacy Initiative, Prime Minister Abiy Ahmed’s flagship initiative, has been receiving overwhelming response for its holistic approach to environmental restoration and socioeconomic development through job creation and food security. Just like other parts of the world, the Islamic Republic of Pakistan has also collaborated with the Embassy of Ethiopia for the launch of such a landmark initiative. During this month, the Ethiopian Embassy in Islamabad along with other stakeholders in the Islamic Republic of Pakistan including the Ministry of Climate Change, business community, academia, universities, civil society and media. A massive plantation was carried out as a part of a green drive titled Ethio-Pakistan Fraternity under the Green Legacy across all the major cities of the Islamic Republic of Pakistan including Islamabad, Karachi, Lahore, Sialkot, Gujranwala, Sheikhupura and others. Special parks and enclaves are dedicated to sow the seeds of different plants to foster fraternity and brotherhood between the two nations. The Green Legacy Initiative is a brainchild of Prime Minister Abiy Ahmed to address climate issues, preserve environment, create job opportunities and ensure food security in Ethiopia. The initiative gets overwhelming response in Ethiopia, neighbouring countries as well as international level. Some of neighbouring countries of Ethiopia such as Djibouti and Kenya followed the initiative and started massive plantation in their country to protect the African continent from the negative impacts of climate change. The Green Legacy Initiative was launched in 2019 and as many as 25 billion seedlings planted under its 1st phase by mobilizing over 32 million people and a target of planting another 25 billion seedlings during the 2nd phase, which was launched on 17 July 2023. So far, over 32.5 billion plants have been planted in Ethiopia under the Green Legacy Initiative which has so far created more than 1million jobs and the numbers of nurseries increased to 145,000 in Ethiopia. Trees, Fruits, and Cattle Feeds’ seedlings are being planted mainly under the Green Legacy Initiative not only to restore green cover but also to create jobs and ensure food security in Ethiopia which is currently exporting fruits such as Avocado, papaya, mango in the region, thanks to the Green Legacy Initiative."
Opinion,https://www.fanabc.com/english/category/opinion/,https://www.fanamc.com/english/when-an-emperor-came-calling-on-a-newly-independent-india-to-learn-from-its-early-successes/,When an emperor came calling on a newly independent India to learn from its early successes,"Mar 30, 2024","Wondesen Aregahegn Mar 30, 2024 0","As he prepared to face the bowling of Australia captain Ray Lindwall in the second India-Australia Test at Bombay’s Brabourne Stadium, batting great Vinoo Mankad must have felt immense pressure. On that late October 1956 morning, when the stadium off Marine Drive was packed to capacity, there was a distinguished audience member with a fascination for the sport watching the action with binoculars from the VIP area – the 64-year-old emperor of Ethiopia, Haile Selassie. The home team struggled that morning – Mankad was caught for a duck by Peter Burge off the bowling of Lindwall soon after the match started. But despite his possible disappointment for India, Selassie stayed at the Brabourne for the entire first session, in what was one of his most unique engagements on a three-week tour that also took him to the south, north and east of the country. A day earlier, a grand welcome was extended to him at the Gateway of India as he got off a boat escorted by the Indian Navy’s 11th Destroyer Squadron. Bombay Chief Minister Morarji Desai was there personally to receive him and, as a sizable crowd watched, Selassie was given a 21-gun salute and a guard of honour. The Indian government wanted to make it abundantly clear that it was according the highest importance to the visit of the head of a state with which it enjoyed deep historic links. Besides, the visit came at a time when solidarity between African and Asian nations was growing following the highly successful Bandung (Asian-African) Conference of 1955. Selassie, who became emperor of Ethiopia in 1930, had been known to be an admirer of India’s diversity and pluralistic traditions. He was touched by Jawaharlal Nehru’s public support for Ethiopia in the wake of the 1935 Italian invasion and subsequent occupation of the country that forced the emperor into exile. While Nehru, who was busy with the Indian independence struggle, could offer nothing more than moral support, a stronger proposal for Ethiopia came from a part of modern-day Maharashtra. Nawab Saheb Sidi Armad Khan, the ruler of the small princely state of Janjira (now Raigad district), felt strongly for Ethiopia, the country of his roots, and was ready to go to its defence along with his troops. In February 1941, the Sunday Telegraph in Sydney reported that Khan sought permission from the British to fight with Selassie against the Italian Fascists. In the end, nothing came of the proposal, but the willingness of Indians to come to his country’s aid was appreciated by the Ethiopian emperor. Selassie returned to Addis Ababa in May 1941 when Ethiopia was totally liberated from Italian occupation by World War II Allied Forces and Ethiopian patriots. The Indian 5th Infantry and 4th Infantry divisions of the British Indian Army played a pivotal role in defeating the Fascists. Historical links between India and Ethiopia, which were cut off by European colonialism, were slowly reignited by the end of the Second World War. In the 1940s, teachers from Kerala were recruited by British academic Robert Thompson, and Selassie took a particular liking to a maths and English teacher named Paul Verghese, who had mastered Amharic in less than a year. To mark the first anniversary of India becoming a republic, Selassie gifted 6,000 square metres of royal land to the Indian community in Ethiopia, the Associated Press reported in February 1951. In 1954, when Bihar suffered from catastrophic floods that left more than 2 lakh people homeless, Ethiopia donated what was then a large amount for relief efforts. “As a token of our deep sympathy and that of our people for the misfortune of the people of India in consequence of recent calamities, we are sending the sum of Rs 1,50,000 as a contribution to the alleviation of their sufferings,” Selassie wrote in a message to Indian President Rajendra Prasad. A year later, in Bandung, Selassie met Nehru, the star of the emerging movement of solidarity between Asian and African countries that would evolve into the Non-Aligned Movement. A formal invitation for a state visit was extended by Prasad to Selassie, who decided to combine it with similar visits to Burma and Japan. In the 1950s, it was not unusual for foreign heads of state and other dignitaries to come visiting for several weeks – in 1955, for instance, Soviet leaders Nicholai Bulganin and Nikita Khrushchev travelled across India over three weeks. The Indian government put in a lot of preparation for such occasions and hosted the foreign leaders at the Rashtrapati Bhavan in Delhi and at Raj Bhavans in the states. Selassie was joined on his visit by his children, Princess Tenagnework and Prince Makonnen, and his granddaughter, Princess Hirut Desta. Since one of his main aims was to see the progress independent India was making, the first place he visited was the Aarey Milk Colony. The colony had been established seven years earlier to improve the processing and distribution of dairy products in Bombay. The Indian government took great pride in showcasing the colony, which was then in the far outskirts of the city. Selassie’s first day also included a meeting with John Mathai, who had served as the finance minister and railway minister and was then the chairman of the State Bank of India. Following this was a reception by the Bombay Municipal Corporation at the Hanging Gardens in Malabar Hill, a banquet hosted by the governor and a cultural programme held by the All Nations Society of Culture and Arts at the Raj Bhavan that would last till 11pm. The hectic first day set the tone for a trip that would take Selassie and his 28-member delegation across India. They were flown by the Union government to different cities in four aircraft, including 2 Dakotas and a VVIP Viscount. The emperor, his children and granddaughter flew on the Indian president’s private plane – the Rajhans. From Bombay, the visitors travelled to Poona, where the penicillin factory in Pimpri was the first stop on the itinerary. In what would become a common occurrence across India, enthusiastic crowds waited patiently and cheered for them in Poona. “On his way from the aerodrome, the Emperor was greeted by people standing on the roadside,” the Bombay Chronicle reported on October 27, 1956. “At many points on the route, arches were erected and bantoons of Ethiopian flags were displayed to welcome the visitor.” The highly observant emperor took note of almost every single detail during his trip, enjoying things like fitness drills and a parade conducted by the cadets of the National Defence Academy in Khadakwasla. Addressing the cadets, Selassie said, “What you are learning here enables you to make your contribution to the effectiveness of India’s peaceful influence in international affairs.” Giving them further encouragement, he added, “May you grow and prosper in the knowledge and understanding of your duties and your responsibilities, so that you may prove yourselves worthy of your great nation, India.” From Poona, the visitors went to Madras to inspect the newly-established Integral Coach Factory. One of the highlights of Selassie’s tour was a visit to Kerala, a place close to his heart. By this time, the teacher Paul Verghese had returned to Kerala from Ethiopia after a detour to Princeton University for further education. Selassie sought out Verghese and requested him to return to Ethiopia, a request he would make a number of times. Verghese did go to Ethiopia for a few years, but he then returned to India for good and devoted his life to the Indian Orthodox Church, which elevated him to Bishop Paulos Mar Gregorious. In Bangalore, the Ethiopian delegation visited the Indian Institute of Science and the Hindustan Aircraft Factory (now Hindustan Aeronautics Limited or HAL). As well as official engagements, the trip had its fair share of leisure. While in Karnataka, the emperor’s family went to Lal Bagh in Bangalore and the Brindavan Gardens in Mysore, where they witnessed the Diwali illuminations. The visitors reached New Delhi a good 12 days after arriving in India following a stopover in Agra (no India visit could ever be complete without the Taj Mahal). The Indian capital greeted Selassie with a 21-gun salute and a guard of honour. In Delhi, he met Maulana Abul Kalam Azad and held talks with both Prasad and Nehru. With the Indian prime minister, the focus of the talks was Afro-Asian solidarity and decolonisation as well as further cooperation in fields such as education. From Delhi, Selassie went to Nangal to see the under-construction Bhakra Dam and then to Dehradun to visit the Indian Military Academy, the Sainik School and Doon School. The last stop on the tour was Calcutta, from where Selassie’s delegation left for Burma and Japan. The long visit left a deep impression on the Ethiopian emperor. The Indian Daily Mail quoted him as saying that India “had brought elements of lasting moral value in a world which was often too preoccupied with expedient means and quick results”. Ajay Kamalakaran is a writer, primarily based in Mumbai. His Twitter handle is @ajaykamalakaran."
Opinion,https://www.fanabc.com/english/category/opinion/,https://www.fanamc.com/english/adwa-victory-memorial-symbolizes-victory-of-black-people-against-colonial-oppression/,Adwa Victory Memorial: Symbolizes Victory of Black People Against Colonial Oppression,"Feb 11, 2024","Wondesen Aregahegn Feb 11, 2024 0","Majestically perched on the center of Addis Ababa, locally known as Piassa with its ultra-modern architectural design with close proximity to the Addis Ababa City Administration complex and the first of its kind in Ethiopian and African history. Adwa Victory Memorial symbolizes the valor and tenacity of black Africa exhibited against colonial forces who branded Africa as the “Dark Continent.” This state of the art grand facility significantly added up to the natural beauty of Addis Ababa which is already the second diplomatic center of the world next to New York City. The Adwa Victory Memorial commemorates the historic Battle of Adwa, which took place on March 1, 1896. The battle was a significant event in Ethiopian history, as it marked Ethiopia’s victory over Italian forces and ensured the country’s independence and sovereignty during the Scramble for Africa setting a historic example for the independence movement of African countries back in 1960s. Immediately after the victory the news of Ethiopia’s victory resonated across the world through the global media of those days and resulted in the resignation of Crispi’s government. Moreover, the historic victory heralded the emergence of Pan Africanism and Pan African movements across the globe. The Adwa Victory Memorial museum serves as a tribute to the bravery, resilience, and heroism of Ethiopian soldiers and leaders who defended their homeland against colonial aggression. It also houses a collection of artifacts, documents, and photographs among other things that depict the historical events of the Battle of Adwa, Ethiopian history, and the struggle against colonialism. Visitors to the Adwa Victory Memorial can learn about the events leading up to the battle, the strategies and tactics employed by both sides, and the impact of the victory on Ethiopia’s national identity and the global anti-colonial movement. The Adwa Victory Memorial also highlights the contributions of key figures such as Emperor Menelik II, Empress Taytu Betul, and some 12 generals who led the Ethiopian victory in the battle. In addition to its historical significance, the Adwa Victory Memorial serves as a symbol of pride, unity, and resilience for the Ethiopian people and Africa at large. It is a place of remembrance, reflection, and education, preserving the memory of the Battle of Adwa and its enduring legacy for future generations. The Adwa Victory Memorial, which will be inaugurated today will be open to visitors and scholars interested in learning more about Ethiopian history, culture, and heritage, and it plays a vital role in promoting awareness and appreciation of Ethiopia’s rich historical heritage and contributions to the global struggle for freedom and justice. This unique museum includes traditional war customs worn by warriors and the traditional armaments they used on the battle. The Adwa Victory Memorial Museum features a number of assembly halls including venues for in-door sport. Pan African hall, the memorial’s principal meeting venue, can hold up to 2,500 people at once. The memorial is built with cutting age technologies encompassing various facilities such as for indoor sporting events, an amphitheater, cafes, a green space, a gymnasium, a parking area for visitors’ vehicles and other amenities that might offer social services to guests. The Adwa Victory Memorial Museum is expected to be one of the main tourist attraction centers in the city and will also serve as a search center for scholars’ who wish to work on Ethiopian history. ENA"
Opinion,https://www.fanabc.com/english/category/opinion/,https://www.fanamc.com/english/chinas-perennial-rice-technology-will-help-improve-food-security-in-africa/,China’s perennial rice technology will help improve food security in Africa,"Dec 20, 2023","Wondesen Aregahegn Dec 20, 2023 0","Recently, perennial rice was included in the agricultural technology promotion framework at the High-Level Ministerial Session of the fifth African Union Specialized Technical Committee on Agriculture, Rural Development, Water and Environment (ARDWE), and was listed in the “AU Seeds and Biotechnology Program 2024-2025”. At the China-Africa Leaders’ Roundtable held in August 2023, President Xi Jinping announced three major proposals to support Africa’s development and launched the Plan for China Supporting Africa’s Agricultural Modernization. China has proposed a series of targeted measures to help Africa expand grain plantation, encourage Chinese companies to increase agricultural investment in Africa, and enhance cooperation with Africa on seed and other areas of agro-technology, to support Africa in transforming and upgrading its agricultural sector. At the opening ceremony of the Third Belt and Road Forum for International Cooperation, President Xi announced eight major steps China will take to support the joint pursuit of high-quality Belt and Road cooperation, saying that China will support Belt and Road Initiative projects on the basis of market and business operation. Perennial rice is the most representative breakthrough in the innovative utilization of agricultural germplasm resources in China. As a major food country, China has always been committed to sharing its agricultural development experience and practical technologies with African countries. With the continuous advancement of China-Africa Belt and Road Initiative construction, perennial rice is accelerating its take-roots on the African continent. The emergence of perennial rice varieties has transformed rice from annual to perennial, making it possible to plant once and harvest for 2 to 4 years continuously. Starting from the second year (or the second season), the production of perennial rice no longer requires seed purchasing, seedlings, plowing, planting, etc. Only field management and harvesting are needed afterward. The innovative rice farming model not only greatly simplifies production process, but also effectively alleviates a series of social problems such as tight farming time and labor shortage during the “double rush” for harvesting and sowing the two seasons of rice respectively. As the sole commercially viable technology for perennial food crop production globally, perennial rice was successfully selected as one of the FAO’s International Agricultural Technology Innovations in 2018. In Africa, more than half of the countries rely on imported food. The grain yield per hectare is about half of the world average, and the overall food security situation is grim. Africa urgently needs modernized and sustainable agricultural development, and food production suitable for African farmers, African land and climate is the key to agricultural development. Notably, the Uganda National Academy of Sciences has successfully obtained the Plant Variety Rights for Ugandan perennial rice. Led by UNAS, the initial experimental planting resulted in a remarkable yield of over 6,000 kilograms per hectare during the first season, surpassing the output of traditional local rice by several times. Based on perennial rice trial planting, high-yield demonstration planting and promotion will be carried out on a large scale to continuously contribute “China’s scientific and technological strength” to the sustainable agricultural development of countries along the Belt and Road routes to promote agricultural innovations in Africa. Source: Chinese Embassy in Addis Ababa "
